RecaptureYear,TagNo,RecaptureDate,JoinID,Batch_TagID,BatchNo,JoinID_tag,JoinID_AdultTrap,SeaAge,River,SmoltYear,Color,SalmonComment
1977,74063,6/11/1977,1975_74063,7503_74063,7503,,,2,Penobscot,1975,,
1977,83241,6/12/1977,1975_83241,7504_83241,7504,,,2,Penobscot,1975,,
1977,74785,6/14/1977,1975_74785,7503_74785,7503,,,2,Penobscot,1975,,
1977,76602,6/16/1977,1975_76602,7503_76602,7503,,,2,Penobscot,1975,,
1977,79809,6/17/1977,1975_79809,7504_79809,7504,,,2,Penobscot,1975,,
1977,68561,6/20/1977,1975_68561,7502_68561,7502,,,2,Penobscot,1975,,
1977,24199,6/26/1977,1975_24199,7501_24199,7501,,,2,Penobscot,1975,,
1977,18679,6/27/1977,1975_18679,7501_18679,7501,,,2,Penobscot,1975,,
1977,76203,6/27/1977,1975_76203,7503_76203,7503,,,2,Penobscot,1975,,
1977,72611,6/28/1977,1975_72611,7503_72611,7503,,,2,Penobscot,1975,,
1977,82459,6/28/1977,1975_82459,7504_82459,7504,,,2,Penobscot,1975,,
1977,89918,6/28/1977,1975_89918,7504_89918,7504,,,2,Penobscot,1975,,
1977,73713,6/29/1977,1975_73713,7503_73713,7503,,,2,Penobscot,1975,,
1977,80634,6/30/1977,1975_80634,7504_80634,7504,,,2,Penobscot,1975,,
1977,84124,6/9/1977,1975_84124,7504_84124,7504,,,2,Penobscot,1975,,
1977,85362,7/1/1977,1975_85362,7504_85362,7504,,,2,Penobscot,1975,,
1977,73541,7/11/1977,1975_73541,7503_73541,7503,,,2,Penobscot,1975,,
1977,71218,7/13/1977,1975_71218,7503_71218,7503,,,2,Penobscot,1975,,
1977,89201,7/13/1977,1975_89201,7504_89201,7504,,,2,Penobscot,1975,,
1977,80214,7/14/1977,1975_80214,7504_80214,7504,,,2,Penobscot,1975,,
1977,83182,7/14/1977,1975_83182,7504_83182,7504,,,2,Penobscot,1975,,
1977,22925,7/2/1977,1975_22925,7501_22925,7501,,,2,Penobscot,1975,,
1977,76848,7/2/1977,1975_76848,7503_76848,7503,,,2,Penobscot,1975,,
1977,79319,7/2/1977,1975_79319,7504_79319,7504,,,2,Penobscot,1975,,
1977,82835,7/2/1977,1975_82835,7504_82835,7504,,,2,Penobscot,1975,,
1977,83066,7/2/1977,1975_83066,7504_83066,7504,,,2,Penobscot,1975,,
1977,83406,7/2/1977,1975_83406,7504_83406,7504,,,2,Penobscot,1975,,
1977,82736,7/26/1977,1975_82736,7504_82736,7504,,,2,Penobscot,1975,,
1977,21379,7/3/1977,1975_21379,7501_21379,7501,,,2,Penobscot,1975,,
1977,21385,7/3/1977,1975_21385,7501_21385,7501,,,2,Penobscot,1975,,
1977,23345,7/3/1977,1975_23345,7501_23345,7501,,,2,Penobscot,1975,,
1977,78695,7/3/1977,1975_78695,7504_78695,7504,,,2,Penobscot,1975,,
1977,83902,7/3/1977,1975_83902,7504_83902,7504,,,2,Penobscot,1975,,
1977,86568,7/3/1977,1975_86568,7504_86568,7504,,,2,Penobscot,1975,,
1977,74788,7/4/1977,1975_74788,7503_74788,7503,,,2,Penobscot,1975,,
1977,74907,7/4/1977,1975_74907,7503_74907,7503,,,2,Penobscot,1975,,
1977,80234,7/4/1977,1975_80234,7504_80234,7504,,,2,Penobscot,1975,,
1977,80979,7/4/1977,1975_80979,7504_80979,7504,,,2,Penobscot,1975,,
1977,71118,7/5/1977,1975_71118,7503_71118,7503,,,2,Penobscot,1975,,
1977,80550,7/5/1977,1975_80550,7504_80550,7504,,,2,Penobscot,1975,,
1977,82542,7/5/1977,1975_82542,7504_82542,7504,,,2,Penobscot,1975,,
1977,87618,7/5/1977,1975_87618,7504_87618,7504,,,2,Penobscot,1975,,
1977,85408,7/6/1977,1975_85408,7504_85408,7504,,,2,Penobscot,1975,,
1977,19817,7/7/1977,1975_19817,7501_19817,7501,,,2,Penobscot,1975,,
1977,23318,7/8/1977,1975_23318,7501_23318,7501,,,2,Penobscot,1975,,
1977,77601,7/8/1977,1975_77601,7504_77601,7504,,,2,Penobscot,1975,,
1977,86210,7/8/1977,1975_86210,7504_86210,7504,,,2,Penobscot,1975,,
1977,78182,7/9/1977,1975_78182,7504_78182,7504,,,2,Penobscot,1975,,
1977,85375,7/9/1977,1975_85375,7504_85375,7504,,,2,Penobscot,1975,,
1977,85831,7/9/1977,1975_85831,7504_85831,7504,,,2,Penobscot,1975,,
1977,88799,7/9/1977,1975_88799,7504_88799,7504,,,2,Penobscot,1975,,
1977,77465,9/28/1977,1975_77465,7504_77465,7504,,,2,Penobscot,1975,,
1977,81806,9/28/1977,1975_81806,7504_81806,7504,,,2,Penobscot,1975,,
1977,83754,9/28/1977,1975_83754,7504_83754,7504,,,2,Penobscot,1975,,
1978,9490,10/14/1978,1976_9490,7601_9490,7601,PN-1MAINST47.50-FT-ADL-19781014-0003,1422,2,Penobscot,1976,Green,NoData
1978,1349,10/3/1978,1976_1349,7601_1349,7601,PN-1MAINST47.50-FT-ADL-19781003-0009,1386,2,Penobscot,1976,Green,NoData
1978,13692,10/8/1978,1976_13692,7601_13692,7601,PN-1MAINST47.50-FT-ADL-19781008-0004,1407,2,Penobscot,1976,Green,NoData
1978,4134,6/13/1978,1976_4134,7601_4134,7601,PN-1MAINST47.50-FT-ADL-19780613-0009,103,2,Penobscot,1976,Green,"DD, SPLIT RV"
1978,5710,6/13/1978,1976_5710,7601_5710,7601,PN-1MAINST47.50-FT-ADL-19780613-0028,122,2,Penobscot,1976,Green,"DD, DLV"
1978,7075,6/13/1978,1976_7075,7601_7075,7601,PN-1MAINST47.50-FT-ADL-19780613-0038,132,2,Penobscot,1976,Green,"DD, SRGC"
1978,7242,6/15/1978,1976_7242,7601_7242,7601,PN-1MAINST47.50-FT-ADL-19780615-0034,205,2,Penobscot,1976,Green,DD
1978,2035,6/17/1978,1976_2035,7601_2035,7601,PN-1MAINST47.50-FT-ADL-19780617-0016,248,2,Penobscot,1976,Green,DD
1978,10369,6/17/1978,1976_10369,7601_10369,7601,PN-1MAINST47.50-FT-ADL-19780617-0024,256,2,Penobscot,1976,Green,SDD
1978,14806,6/17/1978,1976_14806,7601_14806,7601,PN-1MAINST47.50-FT-ADL-19780617-0015,247,2,Penobscot,1976,Green,"DD, NO CLIPS"
1978,6816,6/18/1978,1976_6816,7601_6816,7601,PN-1MAINST47.50-FT-ADL-19780618-0032,291,2,Penobscot,1976,Green,DD
1978,14341,6/18/1978,1976_14341,7601_14341,7601,PN-1MAINST47.50-FT-ADL-19780618-0034,293,2,Penobscot,1976,Green,DD
1978,15680,6/18/1978,1976_15680,7602_15680,7602,PN-1MAINST47.50-FT-ADL-19780618-0035,294,2,Penobscot,1976,Green,DD
1978,9243,6/19/1978,1976_9243,7601_9243,7601,PN-1MAINST47.50-FT-ADL-19780619-0001,329,2,Penobscot,1976,Green,DD
1978,1438,6/20/1978,1976_1438,7601_1438,7601,PN-1MAINST47.50-FT-ADL-19780620-0002,376,2,Penobscot,1976,Green,DD
1978,2777,6/22/1978,1976_2777,7601_2777,7601,PN-1MAINST47.50-FT-ADL-19780622-0028,532,2,Penobscot,1976,Green,DD
1978,8291,6/22/1978,1976_8291,7601_8291,7601,PN-1MAINST47.50-FT-ADL-19780622-0017,521,2,Penobscot,1976,Green,ND
1978,14561,6/22/1978,1976_14561,7601_14561,7601,PN-1MAINST47.50-FT-ADL-19780622-0001,505,2,Penobscot,1976,Green,DD
1978,11876,6/24/1978,1976_11876,7601_11876,7601,PN-1MAINST47.50-FT-ADL-19780624-0024,605,2,Penobscot,1976,Green,"ND, VERY DARK"
1978,12842,6/24/1978,1976_12842,7601_12842,7601,PN-1MAINST47.50-FT-ADL-19780624-0015,596,2,Penobscot,1976,Green,DD
1978,17029,6/24/1978,1976_17029,7602_17029,7602,PN-1MAINST47.50-FT-ADL-19780624-0011,592,2,Penobscot,1976,Green,"ND, DRP"
1978,5884,6/25/1978,1976_5884,7601_5884,7601,PN-1MAINST47.50-FT-ADL-19780625-0014,624,2,Penobscot,1976,Green,ND
1978,11611,6/28/1978,1976_11611,7601_11611,7601,PN-1MAINST47.50-FT-ADL-19780628-0001,715,2,Penobscot,1976,Green,DD
1978,16015,6/28/1978,1976_16015,7602_16015,7602,PN-1MAINST47.50-FT-ADL-19780628-0002,716,2,Penobscot,1976,Green,ND
1978,14181,7/12/1978,1976_14181,7601_14181,7601,PN-1MAINST47.50-FT-ADL-19780712-0003,902,2,Penobscot,1976,Green,"deformed left ventral, bwl"
1978,14817,7/15/1978,1976_14817,7601_14817,7601,PN-1MAINST47.50-FT-ADL-19780715-0005,921,2,Penobscot,1976,Green,NoData
1978,9829,7/16/1978,1976_9829,7601_9829,7601,PN-1MAINST47.50-FT-ADL-19780716-0011,937,2,Penobscot,1976,Green,NoData
1978,14301,7/17/1978,1976_14301,7601_14301,7601,PN-1MAINST47.50-FT-ADL-19780717-0073,942,2,Penobscot,1976,Green,bwl
1978,23024,7/2/1978,1976_23024,7602_23024,7602,PN-1MAINST47.50-FT-ADL-19780702-0002,783,2,Penobscot,1976,Green,"ND, DLP"
1978,7956,7/26/1978,1976_7956,7601_7956,7601,PN-1MAINST47.50-FT-ADL-19780626-0001,630,2,Penobscot,1976,Green,"ND, BWL"
1978,12733,7/30/1978,1976_12733,7601_12733,7601,PN-1MAINST47.50-FT-ADL-19780730-0001,1000,2,Penobscot,1976,Green,BWL
1978,5022,7/5/1978,1976_5022,7601_5022,7601,PN-1MAINST47.50-FT-ADL-19780705-0001,806,2,Penobscot,1976,Green,"ND, BRIGHT,PISCAT RELEASE"
1978,19766,7/5/1978,1976_19766,7602_19766,7602,PN-1MAINST47.50-FT-ADL-19780705-0002,807,2,Penobscot,1976,Green,"DD, PISCAT. RELEASE"
1978,5764,7/6/1978,1976_5764,7601_5764,7601,PN-1MAINST47.50-FT-ADL-19780706-0003,828,2,Penobscot,1976,Green,"ND, DRP, SLV(?), DAMAGED NOSE"
1978,9175,7/6/1978,1976_9175,7601_9175,7601,PN-1MAINST47.50-FT-ADL-19780706-0002,827,2,Penobscot,1976,Green,DD
1978,17122,7/6/1978,1976_17122,7602_17122,7602,PN-1MAINST47.50-FT-ADL-19780706-0001,826,2,Penobscot,1976,Green,ND
1978,8392,7/8/1978,1976_8392,7601_8392,7601,PN-1MAINST47.50-FT-ADL-19780707-0001,848,2,Penobscot,1976,Green,DD
1978,11924,7/8/1978,1976_11924,7601_11924,7601,PN-1MAINST47.50-FT-ADL-19780708-0009,875,2,Penobscot,1976,Green,deformed right pec
1978,3774,8/1/1978,1976_3774,7601_3774,7601,PN-1MAINST47.50-FT-ADL-19780801-0001,1009,2,Penobscot,1976,Green,BWL
1978,12488,8/1/1978,1976_12488,7601_12488,7601,PN-1MAINST47.50-FT-ADL-19780801-0002,1010,2,Penobscot,1976,Green,BWL
1978,13620,8/10/1978,1976_13620,7601_13620,7601,PN-1MAINST47.50-FT-ADL-19780810-0005,1105,2,Penobscot,1976,Green,NoData
1978,12304,8/14/1978,1976_12304,7601_12304,7601,PN-1MAINST47.50-FT-ADL-19780814-0001,1107,2,Penobscot,1976,Green,NoData
1978,22882,8/3/1978,1976_22882,7602_22882,7602,PN-1MAINST47.50-FT-ADL-19780803-0001,1026,2,Penobscot,1976,Green,DARK
1978,5923,8/4/1978,1976_5923,7601_5923,7601,PN-1MAINST47.50-FT-ADL-19780804-0014,1050,2,Penobscot,1976,Green,DAMAGED LOWER CAUDAL
1978,9891,8/6/1978,1976_9891,7601_9891,7601,PN-1MAINST47.50-FT-ADL-19780806-0013,1074,2,Penobscot,1976,Green,"RED CAUDAL, SPLIT AL"
1978,11879,8/6/1978,1976_11879,7601_11879,7601,PN-1MAINST47.50-FT-ADL-19780806-0012,1073,2,Penobscot,1976,Green,NoData
1978,5889,9/1/1978,1976_5889,7601_5889,7601,PN-1MAINST47.50-FT-ADL-19780901-0005,1149,2,Penobscot,1976,Green,DARK
1978,19288,9/10/1978,1976_19288,7602_19288,7602,PN-1MAINST47.50-FT-ADL-19780910-0007,1233,2,Penobscot,1976,Green,BRIGHT
1978,16805,9/17/1978,1976_16805,7602_16805,7602,PN-1MAINST47.50-FT-ADL-19780917-0003,1289,2,Penobscot,1976,Green,NoData
1978,5977,9/2/1978,1976_5977,7601_5977,7601,PN-1MAINST47.50-FT-ADL-19780902-0001,1155,2,Penobscot,1976,Green,NoData
1978,9513,9/2/1978,1976_9513,7601_9513,7601,PN-1MAINST47.50-FT-ADL-19780902-0019,1173,2,Penobscot,1976,Green,NoData
1978,24026,9/2/1978,1976_24026,7602_24026,7602,PN-1MAINST47.50-FT-ADL-19780902-0006,1160,2,Penobscot,1976,Green,NoData
1978,8654,9/27/1978,1976_8654,7601_8654,7601,PN-1MAINST47.50-FT-ADL-19780927-0007,1333,2,Penobscot,1976,Green,DARK
1978,12820,9/4/1978,1976_12820,7601_12820,7601,PN-1MAINST47.50-FT-ADL-19780904-0014,1193,2,Penobscot,1976,Green,BWL
1979,120947,6/12/1979,1977_120947,7705_120947,7705,PN-1MAINST47.50-FT-ADL-19790612-11,1500,2,Penobscot,1977,Green,NoData
1979,127142,6/12/1979,1977_127142,7705_127142,7705,PN-1MAINST47.50-FT-ADL-19790612-10,1499,2,Penobscot,1977,Green,NoData
1979,126028,6/16/1979,1977_126028,7705_126028,7705,PN-1MAINST47.50-FT-ADL-19790616-13,1556,2,Penobscot,1977,Green,DRP
1979,128041,6/17/1979,1977_128041,7705_128041,7705,PN-1MAINST47.50-FT-ADL-19790617-3,1363,2,Penobscot,1977,Green,DRP
1979,130125,6/17/1979,1977_130125,7705_130125,7705,PN-1MAINST47.50-FT-ADL-19790617-10,1568,2,Penobscot,1977,Green,NoData
1979,133971,6/17/1979,1977_133971,7705_133971,7705,PN-1MAINST47.50-FT-ADL-19790617-5,1365,2,Penobscot,1977,Green,NoData
1979,126210,6/18/1979,1977_126210,7705_126210,7705,PN-1MAINST47.50-FT-ADL-19790618-17,1576,2,Penobscot,1977,Green,DLB?
1979,103015,6/19/1979,1977_103015,7701_103015,7701,PN-1MAINST47.50-FT-ADL-19790619-8,1612,2,Penobscot,1977,Green,NoData
1979,122689,6/19/1979,1977_122689,7705_122689,7705,PN-1MAINST47.50-FT-ADL-19790619-30,1608,2,Penobscot,1977,Green,NoData
1979,135491,6/19/1979,1977_135491,7705_135491,7705,PN-1MAINST47.50-FT-ADL-19790619-20,1597,2,Penobscot,1977,Green,NoData
1979,139537,6/19/1979,1977_139537,7705_139537,7705,PN-1MAINST47.50-FT-ADL-19790619-9,1613,2,Penobscot,1977,Green,NoData
1979,125187,6/24/1979,1977_125187,7705_125187,7705,PN-1MAINST47.50-FT-ADL-19790624-2,1682,2,Penobscot,1977,Green,DLP
1979,121182,6/25/1979,1977_121182,7705_121182,7705,PN-1MAINST47.50-FT-ADL-19790625-19,1698,2,Penobscot,1977,Green,DRP
1979,122470,6/25/1979,1977_122470,7705_122470,7705,PN-1MAINST47.50-FT-ADL-19790625-10,1690,2,Penobscot,1977,Green,BWL
1979,136866,6/25/1979,1977_136866,7705_136866,7705,PN-1MAINST47.50-FT-ADL-19790625-18,1697,2,Penobscot,1977,Green,"BWL, DLV, DA"
1979,125839,6/27/1979,1977_125839,7705_125839,7705,PN-1MAINST47.50-FT-ADL-19790627-6,1722,2,Penobscot,1977,Green,BWL
1979,121697,7/1/1979,1977_121697,7705_121697,7705,PN-1MAINST47.50-FT-ADL-19790701-7,1787,2,Penobscot,1977,Green,NoData
1979,124822,7/12/1979,1977_124822,7705_124822,7705,PN-1MAINST47.50-FT-ADL-19790712-7,1908,2,Penobscot,1977,Green,NoData
1979,126116,7/12/1979,1977_126116,7705_126116,7705,PN-1MAINST47.50-FT-ADL-19790712-6,1907,2,Penobscot,1977,Green,"DLP, BWL"
1979,126183,7/20/1979,1977_126183,7705_126183,7705,PN-1MAINST47.50-FT-ADL-19790720-1,1927,2,Penobscot,1977,Green,BWL
1979,116117,7/7/1979,1977_116117,7703_116117,7703,PN-1MAINST47.50-FT-ADL-19790707-12,1857,2,Penobscot,1977,Green,"DLP, DLV,LARGE CUT IN TAIL FLANK"
1979,122251,8/26/1979,1977_122251,7705_122251,7705,PN-1MAINST47.50-FT-ADL-19790826-1,2053,2,Penobscot,1977,Green,"VERY DARK, DLP"
1981,177559,5/29/1981,1979_177559,7906_177559,7906,PN-1MAINST47.50-FT-ADL-19810529-0006,2308,2,Penobscot,1979,Green,NoData
1981,194782,5/29/1981,1979_194782,7907_194782,7907,PN-1MAINST47.50-FT-ADL-19810529-0001,2303,2,Penobscot,1979,Green,BRIGHT FISH
1981,160511,5/31/1981,1979_160511,7905_160511,7905,PN-1MAINST47.50-FT-ADL-19810531-0007,2354,2,Penobscot,1979,Green,NoData
1981,177998,5/7/1981,1979_177998,7906_177998,7906,PN-1MAINST47.50-FT-ADL-19810507-0001,2271,2,Penobscot,1979,Green,BRIGHT FISH
1981,157667,6/10/1981,1979_157667,7905_157667,7905,PN-1MAINST47.50-FT-ADL-19810610-0012,2573,2,Penobscot,1979,Green,"""HOLE ON LEFT SIDE"""
1981,163146,6/10/1981,1979_163146,7905_163146,7905,PN-1MAINST47.50-FT-ADL-19810610-0010,2571,2,Penobscot,1979,Green,NoData
1981,192710,6/10/1981,1979_192710,7907_192710,7907,PN-1MAINST47.50-FT-ADL-19810610-0028,2589,2,Penobscot,1979,Green,NoData
1981,160341,6/11/1981,1979_160341,7905_160341,7905,PN-1MAINST47.50-FT-ADL-19810611-0058,2648,2,Penobscot,1979,Green,NoData
1981,152594,6/13/1981,1979_152594,7905_152594,7905,PN-1MAINST47.50-FT-ADL-19810613-0048,2733,2,Penobscot,1979,Green,"DD,DLP"
1981,164969,6/13/1981,1979_164969,7905_164969,7905,PN-1MAINST47.50-FT-ADL-19810613-0047,2732,2,Penobscot,1979,Green,DD
1981,190974,6/13/1981,1979_190974,7907_190974,7907,PN-1MAINST47.50-FT-ADL-19810613-0037,2722,2,Penobscot,1979,Green,"DD,DLP"
1981,150998,6/14/1981,1979_150998,7905_150998,7905,PN-1MAINST47.50-FT-ADL-19810614-0022,2771,2,Penobscot,1979,Green,DD
1981,153544,6/14/1981,1979_153544,7905_153544,7905,PN-1MAINST47.50-FT-ADL-19810614-0015,2764,2,Penobscot,1979,Green,DD
1981,190543,6/14/1981,1979_190543,7907_190543,7907,PN-1MAINST47.50-FT-ADL-19810614-0035,2784,2,Penobscot,1979,Green,DD
1981,193536,6/14/1981,1979_193536,7907_193536,7907,PN-1MAINST47.50-FT-ADL-19810614-0021,2770,2,Penobscot,1979,Green,DD
1981,155110,6/15/1981,1979_155110,7905_155110,7905,PN-1MAINST47.50-FT-ADL-19810615-0018,2812,2,Penobscot,1979,Green,NoData
1981,164170,6/16/1981,1979_164170,7905_164170,7905,PN-1MAINST47.50-FT-ADL-19810616-0013,2865,2,Penobscot,1979,Green,NoData
1981,164939,6/16/1981,1979_164939,7905_164939,7905,PN-1MAINST47.50-FT-ADL-19810616-0012,2864,2,Penobscot,1979,Green,NoData
1981,185088,6/16/1981,1979_185088,7907_185088,7907,PN-1MAINST47.50-FT-ADL-19810616-0015,2867,2,Penobscot,1979,Green,DD
1981,154109,6/17/1981,1979_154109,7905_154109,7905,PN-1MAINST47.50-FT-ADL-19810617-0002,2892,2,Penobscot,1979,Green,DD
1981,177515,6/17/1981,1979_177515,7906_177515,7906,PN-1MAINST47.50-FT-ADL-19810617-0040,2930,2,Penobscot,1979,Green,DD
1981,179502,6/17/1981,1979_179502,7906_179502,7906,PN-1MAINST47.50-FT-ADL-19810617-0001,2891,2,Penobscot,1979,Green,DD
1981,152510,6/18/1981,1979_152510,7905_152510,7905,PN-1MAINST47.50-FT-ADL-19810618-0030,2961,2,Penobscot,1979,Green,DD
1981,158098,6/18/1981,1979_158098,7905_158098,7905,PN-1MAINST47.50-FT-ADL-19810618-0029,2960,2,Penobscot,1979,Green,"DD,DRV"
1981,188511,6/18/1981,1979_188511,7907_188511,7907,PN-1MAINST47.50-FT-ADL-19810618-0001,2932,2,Penobscot,1979,Green,DD
1981,179417,6/2/1981,1979_179417,7906_179417,7906,PN-1MAINST47.50-FT-ADL-19810602-0003,2375,2,Penobscot,1979,Green,NoData
1981,194994,6/27/1981,1979_194994,7907_194994,7907,PN-1MAINST47.50-FT-ADL-19810627-0001,3260,2,Penobscot,1979,Green,NoData
1981,175328,6/7/1981,1979_175328,7906_175328,7906,PN-1MAINST47.50-FT-ADL-19810607-0014,2480,2,Penobscot,1979,Green,DLP
1981,179839,6/7/1981,1979_179839,7906_179839,7906,PN-1MAINST47.50-FT-ADL-19810607-0015,2481,2,Penobscot,1979,Green,NoData
1981,188369,6/7/1981,1979_188369,7907_188369,7907,PN-1MAINST47.50-FT-ADL-19810607-0020,2486,2,Penobscot,1979,Green,NoData
1981,190398,6/7/1981,1979_190398,7907_190398,7907,PN-1MAINST47.50-FT-ADL-19810607-0018,2484,2,Penobscot,1979,Green,DLP
1981,157398,6/8/1981,1979_157398,7905_157398,7905,PN-1MAINST47.50-FT-ADL-19810608-0030,2536,2,Penobscot,1979,Green,NoData
1981,191872,6/8/1981,1979_191872,7907_191872,7907,PN-1MAINST47.50-FT-ADL-19810608-0032,2538,2,Penobscot,1979,Green,SEVERLY BANGED UP
1981,157542,6/9/1981,1979_157542,7905_157542,7905,PN-1MAINST47.50-FT-ADL-19810609-0022,2560,2,Penobscot,1979,Green,DLP
1981,158805,6/9/1981,1979_158805,7905_158805,7905,PN-1MAINST47.50-FT-ADL-19810609-0023,2561,2,Penobscot,1979,Green,NoData
1981,154221,7/13/1981,1979_154221,7905_154221,7905,PN-1MAINST47.50-FT-ADL-19810713-0020,3693,2,Penobscot,1979,Green,"DD, DP'S"
1981,151575,7/22/1981,1979_151575,7905_151575,7905,PN-1MAINST47.50-FT-ADL-19810722-0027,4065,2,Penobscot,1979,Green,"DD, DRP"
1981,161824,7/25/1981,1979_161824,7905_161824,7905,PN-1MAINST47.50-FT-ADL-19810725-0007,4143,2,Penobscot,1979,Green,DD
1981,151663,7/27/1981,1979_151663,7905_151663,7905,PN-1MAINST47.50-FT-ADL-19810727-0033,4234,2,Penobscot,1979,Green,DD
1981,175752,7/6/1981,1979_175752,7906_175752,7906,PN-1MAINST47.50-FT-ADL-19810706-0008,3596,2,Penobscot,1979,Green,NoData
1981,179127,9/13/1981,1979_179127,7906_179127,7906,PN-1MAINST47.50-FT-ADL-19810913-0002,4828,2,Penobscot,1979,Green,DD
1981,186572,9/6/1981,1979_186572,7907_186572,7907,PN-1MAINST47.50-FT-ADL-19810906-0011,4746,2,Penobscot,1979,Green,DD
1982,200726,6/14/1982,1980_200726,8001_200726,8001,PN-1MAINST47.50-FT-ADL-19820614-017,5368,2,Penobscot,1980,Green,"ND, ""A"""
1982,248259,6/17/1982,1980_248259,8001_248259,8001,PN-1MAINST47.50-FT-ADL-19820617-008,5438,2,Penobscot,1980,Green,"ND, SEAL BITE, SEVERE GASH R. SIDE - NO SCALES, AC"
1982,204313,6/19/1982,1980_204313,8001_204313,8001,PN-1MAINST47.50-FT-ADL-19820619-006,5549,2,Penobscot,1980,Green,"DD, DRV, AC"
1982,240025,6/20/1982,1980_240025,8001_240025,8001,PN-1MAINST47.50-FT-ADL-19820620-023,5645,2,Penobscot,1980,Green,"DD, AC"
1982,243341,6/20/1982,1980_243341,8001_243341,8001,PN-1MAINST47.50-FT-ADL-19820620-021,5643,2,Penobscot,1980,Green,"ND, AC"
1982,233993,6/5/1982,1980_233993,8001_233993,8001,PN-1MAINST47.50-FT-ADL-19820605-010,5175,2,Penobscot,1980,Green,"ND, AC"
1983,299440,8/25/1983,1981_299440,8101_299440,8101,PN-1MAINST47.50-FT-ADL-19830825-0007,8877,2,Penobscot,1981,Green,NoData
1984,1686,10/3/1984,1982_1686,8201_1686,8201,PN-1MAINST47.50-FT-ADL-19841003-0003,10605,2,Penobscot,1982,GREEN,"DD, DLP, DRP, TORN LV"
1984,26586,6/18/1984,1982_26586,8202_26586,8202,PN-1MAINST47.50-FT-ADL-19840618-0001,9227,2,Penobscot,1982,Green,NoData
1984,8560,6/23/1984,1982_8560,8201_8560,8201,PN-1MAINST47.50-FT-ADL-19840623-0051,9456,2,Penobscot,1982,GREEN,"BWL--NO ""A"" CLIP"
1984,30279,6/23/1984,1982_30279,8202_30279,8202,PN-1MAINST47.50-FT-ADL-19840623-0050,9455,2,Penobscot,1982,GREEN,"""A""--DD"
1984,35833,6/23/1984,1982_35833,8202_35833,8202,PN-1MAINST47.50-FT-ADL-19840623-0052,9457,2,Penobscot,1982,GREEN,"ND--""A"""
1984,41728,6/23/1984,1982_41728,8202_41728,8202,PN-1MAINST47.50-FT-ADL-19840623-0053,9458,2,Penobscot,1982,GREEN,"BWL-- NO ""A"" CLIP"
1984,41543,7/24/1984,1982_41543,8202_41543,8202,PN-1MAINST47.50-FT-ADL-19840724-0003,10156,2,Penobscot,1982,GREEN,"""A"" CLIP, DD, DLP"
1984,38355,7/28/1984,1982_38355,8202_38355,8202,PN-1MAINST47.50-FT-ADL-19840728-0002,10267,2,Penobscot,1982,GREEN,DD
1984,28033,7/8/1984,1982_28033,8202_28033,8202,PN-1MAINST47.50-FT-ADL-19840708-0032,9865,2,Penobscot,1982,GREEN,"""A"" CLIP--LEFT LAMPREY WOUND"
1984,37242,7/8/1984,1982_37242,8202_37242,8202,PN-1MAINST47.50-FT-ADL-19840708-0024,9857,2,Penobscot,1982,GREEN,DD--DLP
1985,62332,10/1/1985,1983_62332,8301_62332,8301,PN-1MAINST47.50-FT-ADL-19851001-0005,13622,2,Penobscot,1983,Green,"RADIO TAG CONTROL, DD, RELEASED AT WELDON DAM"
1985,73099,10/18/1985,1983_73099,8301_73099,8301,PN-1MAINST47.50-FT-ADL-19851018-0001,13712,2,Penobscot,1983,Green,"DD, RIPE"
1985,62920,6/3/1985,1983_62920,8301_62920,8301,PN-1MAINST47.50-FT-ADL-19850603-0005,10801,2,Penobscot,1983,Green,NoData
1985,90108,6/3/1985,1983_90108,8302_90108,8302,PN-1MAINST47.50-FT-ADL-19850603-0009,10805,2,Penobscot,1983,Green,"RADIO TAG STUDY FISH, TAKEN TO CBNFH,RADIO TAG STUDY FISH, TAG APPLIED AT CBNFH"
1985,72363,6/4/1985,1983_72363,8301_72363,8301,PN-1MAINST47.50-FT-ADL-19850604-0026,10905,2,Penobscot,1983,Green,NoData
1985,67642,7/11/1985,1983_67642,8301_67642,8301,PN-1MAINST47.50-FT-ADL-19850711-0027,12514,2,Penobscot,1983,Green,"BRIGHT, DD"
1985,94040,7/2/1985,1983_94040,8302_94040,8302,PN-1MAINST47.50-FT-ADL-19850702-0032,12069,2,Penobscot,1983,Green,"Bright, DD"
1986,94825,10/3/1986,1984_94825,8404_94825,8404,PN-1MAINST47.50-FT-ADL-19861003-0002,17896,2,Penobscot,1984,Blue,NoData
1986,31843,5/22/1986,1984_31843,8402_31843,8402,PN-1MAINST47.50-FT-ADL-19860522-0005,13741,2,Penobscot,1984,Green,"C TAG 31,843 GREEN"
1986,83675,5/23/1986,1984_83675,8404_83675,8404,PN-1MAINST47.50-FT-ADL-19860523-0009,13750,2,Penobscot,1984,Blue,"C TAG 83,675 BLUE"
1986,76751,5/24/1986,1984_76751,8404_76751,8404,PN-1MAINST47.50-FT-ADL-19860524-0002,13752,2,Penobscot,1984,Blue,BRIGHT
1986,67096,5/31/1986,1984_67096,8403_67096,8403,PN-1MAINST47.50-FT-ADL-19860531-0009,13777,2,Penobscot,1984,Blue,"HW, SUS, 67;096 USA BLUE"
1986,24799,6/11/1986,1984_24799,8401_24799,8401,PN-1MAINST47.50-FT-ADL-19860611-0007,13920,2,Penobscot,1984,Green,"SRGC, USA 24,799 GREEN"
1986,7751,6/12/1986,1984_7751,8401_7751,8401,PN-1MAINST47.50-FT-ADL-19860612-0085,14029,2,Penobscot,1984,Green,"07,757 USA GREEN"
1986,13425,6/12/1986,1984_13425,8401_13425,8401,PN-1MAINST47.50-FT-ADL-19860612-0094,14038,2,Penobscot,1984,Green,13425 USA GREEN
1986,19866,6/12/1986,1984_19866,8401_19866,8401,PN-1MAINST47.50-FT-ADL-19860612-0087,14031,2,Penobscot,1984,Green,"USA 19,866 GREEN, BRIGHT"
1986,33148,6/12/1986,1984_33148,8402_33148,8402,PN-1MAINST47.50-FT-ADL-19860612-0091,14035,2,Penobscot,1984,Green,"USA 33,148 GREEN, BRIGHT"
1986,35068,6/12/1986,1984_35068,8402_35068,8402,PN-1MAINST47.50-FT-ADL-19860612-0052,13996,2,Penobscot,1984,Green,"USA 35,068 GREEN, SUS"
1986,44835,6/12/1986,1984_44835,8402_44835,8402,PN-1MAINST47.50-FT-ADL-19860612-0092,14036,2,Penobscot,1984,Green,"USA 44,835 GREEN, BRIGHT"
1986,49758,6/12/1986,1984_49758,8402_49758,8402,PN-1MAINST47.50-FT-ADL-19860612-0051,13995,2,Penobscot,1984,Green,"USA 49,758 GREEN"
1986,58654,6/12/1986,1984_58654,8403_58654,8403,PN-1MAINST47.50-FT-ADL-19860612-0050,13994,2,Penobscot,1984,Blue,"BLUE 58,654 USA, BRIGHT"
1986,70565,6/12/1986,1984_70565,8403_70565,8403,PN-1MAINST47.50-FT-ADL-19860612-0049,13993,2,Penobscot,1984,Blue,"USA BLUE 70 565, BRIGHT"
1986,76780,6/12/1986,1984_76780,8404_76780,8404,PN-1MAINST47.50-FT-ADL-19860612-0086,14030,2,Penobscot,1984,Blue,"USA 76,780 BLUE, BRIGHT"
1986,84756,6/13/1986,1984_84756,8404_84756,8404,PN-1MAINST47.50-FT-ADL-19860613-0053,14091,2,Penobscot,1984,Blue,84756 USA BLUE
1986,89671,6/13/1986,1984_89671,8404_89671,8404,PN-1MAINST47.50-FT-ADL-19860613-0063,14101,2,Penobscot,1984,Blue,89671 USA BLUE
1986,54849,6/14/1986,1984_54849,8403_54849,8403,PN-1MAINST47.50-FT-ADL-19860614-0003,14108,2,Penobscot,1984,Blue,"Weldon Telemetry study origilly transported to CBNFH- TAGGED AND RETURNED TO PENOBSCOT LATER, BRIGHT, BLUE 54849 USA origilly to CBNFH"
1986,2208,6/15/1986,1984_2208,8401_2208,8401,PN-1MAINST47.50-FT-ADL-19860615-0032,14192,2,Penobscot,1984,Green,02208 USA GREEN
1986,32306,6/15/1986,1984_32306,8402_32306,8402,PN-1MAINST47.50-FT-ADL-19860615-0019,14179,2,Penobscot,1984,Green,Weldon Telemetry study origilly transported to CBNFH- TAGGED AND RETURNED TO PENOBSCOT LATER
1986,48047,6/15/1986,1984_48047,8402_48047,8402,PN-1MAINST47.50-FT-ADL-19860615-0050,14210,2,Penobscot,1984,Green,"48,047 GREEN USA, SUS"
1986,49486,6/15/1986,1984_49486,8402_49486,8402,PN-1MAINST47.50-FT-ADL-19860615-0053,14213,2,Penobscot,1984,Green,USA 49486 GREEN
1986,55303,6/15/1986,1984_55303,8403_55303,8403,PN-1MAINST47.50-FT-ADL-19860615-0028,14188,2,Penobscot,1984,Blue,"Weldon Telemetry study origilly transported to CBNFH- TAGGED AND RETURNED TO PENOBSCOT LATER, HW"
1986,70021,6/15/1986,1984_70021,8403_70021,8403,PN-1MAINST47.50-FT-ADL-19860615-0001,14161,2,Penobscot,1984,Green,Weldon Telemetry study origilly transported to CBNFH- TAGGED AND RETURNED TO PENOBSCOT LATER
1986,80286,6/15/1986,1984_80286,8404_80286,8404,PN-1MAINST47.50-FT-ADL-19860615-0011,14171,2,Penobscot,1984,Blue,80286 USA BLUE
1986,5760,6/17/1986,1984_5760,8401_5760,8401,PN-1MAINST47.50-FT-ADL-19860617-0026,14307,2,Penobscot,1984,Green,NoData
1986,23284,6/17/1986,1984_23284,8401_23284,8401,PN-1MAINST47.50-FT-ADL-19860617-0098,14379,2,Penobscot,1984,Green,NoData
1986,27534,6/17/1986,1984_27534,8402_27534,8402,PN-1MAINST47.50-FT-ADL-19860617-0060,14341,2,Penobscot,1984,Green,"Weldon Telemetry study origilly transported to CBNFH- TAGGED AND RETURNED TO PENOBSCOT LATER,DISPOSITION - RADIO TAG 27,534 USA"
1986,27397,6/18/1986,1984_27397,8402_27397,8402,PN-1MAINST47.50-FT-ADL-19860618-0029,14413,2,Penobscot,1984,Green,27297 USA GREEN
1986,88607,6/18/1986,1984_88607,8404_88607,8404,PN-1MAINST47.50-FT-ADL-19860618-0058,14442,2,Penobscot,1984,Blue,"BRIGHT, USA 88,607 BLUE"
1986,94505,6/18/1986,1984_94505,8404_94505,8404,PN-1MAINST47.50-FT-ADL-19860618-0052,14436,2,Penobscot,1984,Blue,"HW, USA 94,505 BLUE"
1986,1798,6/23/1986,1984_1798,8401_1798,8401,PN-1MAINST47.50-FT-ADL-19860623-0048,14740,2,Penobscot,1984,Green,"BWL, USA 01798 GREEN"
1986,86780,6/23/1986,1984_86780,8404_86780,8404,PN-1MAINST47.50-FT-ADL-19860623-0056,14748,2,Penobscot,1984,Blue,"BRIGHT, 86 780 USA BLUE"
1986,83045,6/4/1986,1984_83045,8404_83045,8404,PN-1MAINST47.50-FT-ADL-19860604-0007,13819,2,Penobscot,1984,Blue,83045 BLUE USA
1986,97720,6/9/1986,1984_97720,8404_97720,8404,PN-1MAINST47.50-FT-ADL-19860609-0008,13881,2,Penobscot,1984,Blue,NoData
1986,2758,7/11/1986,1984_2758,8401_2758,8401,PN-1MAINST47.50-FT-ADL-19860711-0041,16212,2,Penobscot,1984,Green,bwl
1986,11393,7/11/1986,1984_11393,8401_11393,8401,PN-1MAINST47.50-FT-ADL-19860711-0054,16225,2,Penobscot,1984,Green,bright
1986,51437,7/11/1986,1984_51437,8403_51437,8403,PN-1MAINST47.50-FT-ADL-19860711-0021,16192,2,Penobscot,1984,Blue,"bright, Weldon Telemetry study origilly transported to CBNFH- TAGGED AND RETURNED TO PENOBSCOT LATER"
1986,51484,7/11/1986,1984_51484,8403_51484,8403,PN-1MAINST47.50-FT-ADL-19860711-0076,16247,2,Penobscot,1984,Blue,bright
1986,79547,7/11/1986,1984_79547,8404_79547,8404,PN-1MAINST47.50-FT-ADL-19860711-0012,16183,2,Penobscot,1984,Blue,bright
1986,98288,7/12/1986,1984_98288,8404_98288,8404,PN-1MAINST47.50-FT-ADL-19860712-0053,16304,2,Penobscot,1984,Blue,NoData
1986,1301,7/14/1986,1984_1301,8401_1301,8401,PN-1MAINST47.50-FT-ADL-19860714-0001,16444,2,Penobscot,1984,Green,NoData
1986,2292,7/14/1986,1984_2292,8401_2292,8401,PN-1MAINST47.50-FT-ADL-19860714-0084,16527,2,Penobscot,1984,Green,NoData
1986,2785,7/14/1986,1984_2785,8401_2785,8401,PN-1MAINST47.50-FT-ADL-19860714-0078,16521,2,Penobscot,1984,Green,"bwl, rust color"
1986,7894,7/14/1986,1984_7894,8401_7894,8401,PN-1MAINST47.50-FT-ADL-19860714-0049,16492,2,Penobscot,1984,Green,"dark, bwl"
1986,74647,7/14/1986,1984_74647,8403_74647,8403,PN-1MAINST47.50-FT-ADL-19860714-0043,16486,2,Penobscot,1984,Blue,Weldon Telemetry study origilly transported to CBNFH- TAGGED AND RETURNED TO PENOBSCOT LATER
1986,3702,7/29/1986,1984_3702,8401_3702,8401,PN-1MAINST47.50-FT-ADL-19860729-0027,17185,2,Penobscot,1984,Green,NoData
1986,37043,7/29/1986,1984_37043,8402_37043,8402,PN-1MAINST47.50-FT-ADL-19860729-0006,17164,2,Penobscot,1984,Green,dark
1986,10690,7/7/1986,1984_10690,8401_10690,8401,PN-1MAINST47.50-FT-ADL-19860707-0030,15957,2,Penobscot,1984,Green,NoData
1986,22396,7/7/1986,1984_22396,8401_22396,8401,PN-1MAINST47.50-FT-ADL-19860707-0057,15711,2,Penobscot,1984,Green,SUS
1986,86684,7/7/1986,1984_86684,8404_86684,8404,PN-1MAINST47.50-FT-ADL-19860707-0095,15749,2,Penobscot,1984,Blue,"SUS, USA 86,684 BLUE"
1986,95420,7/7/1986,1984_95420,8404_95420,8404,PN-1MAINST47.50-FT-ADL-19860707-0013,15940,2,Penobscot,1984,Blue,"BRIGHT, USA 95420 BLUE"
1986,13860,7/9/1986,1984_13860,8401_13860,8401,PN-1MAINST47.50-FT-ADL-19860709-0055,16120,2,Penobscot,1984,Green,NoData
1986,22088,7/9/1986,1984_22088,8401_22088,8401,PN-1MAINST47.50-FT-ADL-19860709-0045,16110,2,Penobscot,1984,Green,NoData
1986,87914,7/9/1986,1984_87914,8404_87914,8404,PN-1MAINST47.50-FT-ADL-19860709-0017,16082,2,Penobscot,1984,Blue,bright
1986,97517,7/9/1986,1984_97517,8404_97517,8404,PN-1MAINST47.50-FT-ADL-19860709-0014,16079,2,Penobscot,1984,Blue,NoData
1986,11757,8/1/1986,1984_11757,8401_11757,8401,PN-1MAINST47.50-FT-ADL-19860801-0003,17214,2,Penobscot,1984,Green,"bright,near al fin"
1986,63153,8/1/1986,1984_63153,8403_63153,8403,PN-1MAINST47.50-FT-ADL-19860801-0013,17237,2,Penobscot,1984,Blue,NoData
1986,47512,8/15/1986,1984_47512,8402_47512,8402,PN-1MAINST47.50-FT-ADL-19860815-0023,17415,2,Penobscot,1984,Green,bright
1986,60986,8/15/1986,1984_60986,8403_60986,8403,PN-1MAINST47.50-FT-ADL-19860815-0007,17399,2,Penobscot,1984,Blue,NoData
1986,59393,9/24/1986,1984_59393,8403_59393,8403,PN-1MAINST47.50-FT-ADL-19860924-0005,17747,2,Penobscot,1984,Blue,wound healing on dorsal side of peduncle
1987,160119,6/12/1987,1985_160119,8503_160119,8503,PN-1MAINST47.50-FT-ADL-19870612-0030,18126,2,Penobscot,1985,Blue,"BWL, bright"
1987,193376,6/12/1987,1985_193376,8504_193376,8504,PN-1MAINST47.50-FT-ADL-19870612-0017,18113,2,Penobscot,1985,Blue,NoData
1987,131084,6/14/1987,1985_131084,8502_131084,8502,PN-1MAINST47.50-FT-ADL-19870614-0012,18181,2,Penobscot,1985,Green,bright
1987,185464,6/17/1987,1985_185464,8504_185464,8504,PN-1MAINST47.50-FT-ADL-19870617-0030,18259,2,Penobscot,1985,Blue,NoData
1987,189326,6/17/1987,1985_189326,8504_189326,8504,PN-1MAINST47.50-FT-ADL-19870617-0020,18249,2,Penobscot,1985,Blue,"BWL, SKINNY, DARK"
1987,188588,6/18/1987,1985_188588,8504_188588,8504,PN-1MAINST47.50-FT-ADL-19870618-0007,18275,2,Penobscot,1985,Blue,NoData
1987,199940,6/18/1987,1985_199940,8504_199940,8504,PN-1MAINST47.50-FT-ADL-19870618-0014,18282,2,Penobscot,1985,Blue,"bwl, b"
1987,198912,6/22/1987,1985_198912,8504_198912,8504,PN-1MAINST47.50-FT-ADL-19870622-0004,18367,2,Penobscot,1985,Blue,BWL
1987,103011,6/28/1987,1985_103011,8501_103011,8501,PN-1MAINST47.50-FT-ADL-19870628-0022,18577,2,Penobscot,1985,Green,BWL
1987,139698,6/30/1987,1985_139698,8502_139698,8502,PN-1MAINST47.50-FT-ADL-19870630-0077,18712,2,Penobscot,1985,Green,B
1987,184471,6/30/1987,1985_184471,8504_184471,8504,PN-1MAINST47.50-FT-ADL-19870630-0025,18660,2,Penobscot,1985,Blue,BWL
1987,127037,6/4/1987,1985_127037,8502_127037,8502,PN-1MAINST47.50-FT-ADL-19870604-0001,18026,2,Penobscot,1985,Green,bright
1987,134514,7/27/1987,1985_134514,8502_134514,8502,PN-1MAINST47.50-FT-ADL-19870727-0018,19768,2,Penobscot,1985,Green,NoData
1987,100711,7/3/1987,1985_100711,8501_100711,8501,PN-1MAINST47.50-FT-ADL-19870703-0008,18906,2,Penobscot,1985,Green,"B, BWL"
1987,131356,7/3/1987,1985_131356,8502_131356,8502,PN-1MAINST47.50-FT-ADL-19870703-0013,18911,2,Penobscot,1985,Green,NoData
1987,191494,7/3/1987,1985_191494,8504_191494,8504,PN-1MAINST47.50-FT-ADL-19870703-0038,18936,2,Penobscot,1985,Blue,NoData
1987,170569,7/4/1987,1985_170569,8503_170569,8503,PN-1MAINST47.50-FT-ADL-19870704-0022,18974,2,Penobscot,1985,Blue,BWL
1987,183548,7/8/1987,1985_183548,8504_183548,8504,PN-1MAINST47.50-FT-ADL-19870708-0022,19180,2,Penobscot,1985,Blue,"DEFORMED CAUDAL, BWL"
1987,119643,8/11/1987,1985_119643,8501_119643,8501,PN-1MAINST47.50-FT-ADL-19870811-0004,20007,2,Penobscot,1985,Green,NoData
1987,174559,8/2/1987,1985_174559,8503_174559,8503,PN-1MAINST47.50-FT-ADL-19870802-0013,19919,2,Penobscot,1985,Blue,BHE study
1988,392051,10/16/1988,1986_392051,8604_392051,8604,PN-VZ-FT-adl-1988-10-16-0001,31946,2,Penobscot,1986,Green,NoData
1988,381571,5/20/1988,1986_381571,8604_381571,8604,PN-VZ-FT-adl-1988-05-20-0001,29216,2,Penobscot,1986,Green,NoData
1988,343558,6/9/1988,1986_343558,8602_343558,8602,PN-VZ-FT-adl-1988-06-09-0002,29320,2,Penobscot,1986,Green,NoData
1988,374844,7/24/1988,1986_374844,8603_374844,8603,PN-VZ-FT-adl-1988-07-24-0010,30600,2,Penobscot,1986,Green,NoData
1988,339871,7/8/1988,1986_339871,8602_339871,8602,PN-VZ-FT-adl-1988-07-08-0003,30318,2,Penobscot,1986,Green,GIVEN TO PIN
1988,383185,8/20/1988,1986_383185,8604_383185,8604,PN-VZ-FT-adl-1988-08-20-0038,31082,2,Penobscot,1986,Green,NoData
1988,343050,8/29/1988,1986_343050,8602_343050,8602,PN-VZ-FT-adl-1988-08-29-0018,31586,2,Penobscot,1986,Green,NoData
1988,382884,8/29/1988,1986_382884,8604_382884,8604,PN-VZ-FT-adl-1988-08-29-0024,31592,2,Penobscot,1986,Green,NoData
1988,311501,9/16/1988,1986_311501,8601_311501,8601,PN-VZ-FT-adl-1988-09-16-0003,31830,2,Penobscot,1986,Green,NoData
1988,381116,9/3/1988,1986_381116,8604_381116,8604,PN-VZ-FT-adl-1988-09-03-0010,31720,2,Penobscot,1986,Green,NoData
1989,536489,10/14/1989,1987_536489,8704_536489,8704,PN-VZ-FT-adl-1989-10-14-0002,34812,2,Penobscot,1987,Blue,NoData
1989,526513,10/27/1989,1987_526513,8704_526513,8704,PN-VZ-FT-adl-1989-10-27-0008,34843,2,Penobscot,1987,Blue,NoData
1989,454347,6/13/1989,1987_454347,8701_454347,8701,PN-VZ-FT-adl-1989-06-13-0022,32034,2,Penobscot,1987,Green,NoData
1989,452823,6/16/1989,1987_452823,8701_452823,8701,PN-VZ-FT-adl-1989-06-16-0002,32070,2,Penobscot,1987,Green,NoData
1989,496880,6/16/1989,1987_496880,8702_496880,8702,PN-VZ-FT-adl-1989-06-16-0001,32069,2,Penobscot,1987,Green,NoData
1989,531974,6/16/1989,1987_531974,8704_531974,8704,PN-VZ-FT-adl-1989-06-16-0023,32091,2,Penobscot,1987,Blue,NoData
1989,453507,6/21/1989,1987_453507,8701_453507,8701,PN-VZ-FT-adl-1989-06-21-0004,32207,2,Penobscot,1987,Green,NoData
1989,521302,6/23/1989,1987_521302,8703_521302,8703,PN-VZ-FT-adl-1989-06-23-0050,32292,2,Penobscot,1987,Blue,NoData
1989,455666,6/25/1989,1987_455666,8701_455666,8701,PN-VZ-FT-adl-1989-06-25-0032,32416,2,Penobscot,1987,Green,NoData
1989,474205,6/25/1989,1987_474205,8701_474205,8701,PN-VZ-FT-adl-1989-06-25-0023,32407,2,Penobscot,1987,Green,NoData
1989,538126,6/25/1989,1987_538126,8704_538126,8704,PN-VZ-FT-adl-1989-06-25-0027,32411,2,Penobscot,1987,Green,NoData
1989,496790,6/29/1989,1987_496790,8702_496790,8702,PN-VZ-FT-adl-1989-06-29-0019,32511,2,Penobscot,1987,Green,NoData
1989,456023,7/11/1989,1987_456023,8701_456023,8701,PN-VZ-FT-adl-1989-07-11-0020,33238,2,Penobscot,1987,Green,NoData
1989,477967,7/11/1989,1987_477967,8702_477967,8702,PN-VZ-FT-adl-1989-07-11-0039,33257,2,Penobscot,1987,Green,NoData
1989,494471,7/11/1989,1987_494471,8702_494471,8702,PN-VZ-FT-adl-1989-07-11-0040,33258,2,Penobscot,1987,Green,NoData
1989,521611,7/11/1989,1987_521611,8703_521611,8703,PN-VZ-FT-adl-1989-07-11-0058,33276,2,Penobscot,1987,Blue,NoData
1989,533104,7/11/1989,1987_533104,8704_533104,8704,PN-VZ-FT-adl-1989-07-11-0013,33231,2,Penobscot,1987,Blue,NoData
1989,536534,7/11/1989,1987_536534,8704_536534,8704,PN-VZ-FT-adl-1989-07-11-0024,33242,2,Penobscot,1987,Blue,NoData
1989,485429,7/17/1989,1987_485429,8702_485429,8702,PN-VZ-FT-adl-1989-07-17-0060,33771,2,Penobscot,1987,Green,NoData
1989,526245,7/17/1989,1987_526245,8704_526245,8704,PN-VZ-FT-adl-1989-07-17-0056,33767,2,Penobscot,1987,Blue,NoData
1989,470640,7/6/1989,1987_470640,8701_470640,8701,PN-VZ-FT-adl-1989-07-06-0037,32883,2,Penobscot,1987,Green,NoData
1989,497487,7/6/1989,1987_497487,8702_497487,8702,PN-VZ-FT-adl-1989-07-06-0041,32887,2,Penobscot,1987,Green,NoData
1989,505818,7/6/1989,1987_505818,8703_505818,8703,PN-VZ-FT-adl-1989-07-06-0004,32850,2,Penobscot,1987,Blue,NoData
1989,470421,7/8/1989,1987_470421,8701_470421,8701,PN-VZ-FT-adl-1989-07-08-0103,33104,2,Penobscot,1987,Green,NoData
1989,477849,7/8/1989,1987_477849,8702_477849,8702,PN-VZ-FT-adl-1989-07-08-0035,33037,2,Penobscot,1987,Green,NoData
1989,478908,7/8/1989,1987_478908,8702_478908,8702,PN-VZ-FT-adl-1989-07-08-0004,33006,2,Penobscot,1987,Green,NoData
1989,486396,7/8/1989,1987_486396,8702_486396,8702,PN-VZ-FT-adl-1989-07-08-0039,33041,2,Penobscot,1987,Green,NoData
1989,489815,7/8/1989,1987_489815,8702_489815,8702,PN-VZ-FT-adl-1989-07-08-0097,33098,2,Penobscot,1987,Green,NoData
1989,490267,7/8/1989,1987_490267,8702_490267,8702,PN-VZ-FT-adl-1989-07-08-0070,33071,2,Penobscot,1987,Blue,NoData
1989,543229,7/8/1989,1987_543229,8704_543229,8704,PN-VZ-FT-adl-1989-07-08-0081,33082,2,Penobscot,1987,Blue,NoData
1989,509609,7/9/1989,1987_509609,8703_509609,8703,PN-VZ-FT-adl-1989-07-09-0021,33126,2,Penobscot,1987,Blue,NoData
1989,549070,7/9/1989,1987_549070,8704_549070,8704,PN-VZ-FT-adl-1989-07-09-0032,33137,2,Penobscot,1987,Blue,NoData
1989,538118,8/8/1989,1987_538118,8704_538118,8704,PN-VZ-FT-adl-1989-08-08-0004,34261,2,Penobscot,1987,Blue,NoData
1990,663590,6/15/1990,1988_663590,8803_663590,8803,PN-VZ-FT-adl-1990-06-15-0028,35101,2,Penobscot,1988,Blue,NoData
1990,691830,6/15/1990,1988_691830,8804_691830,8804,PN-VZ-FT-adl-1990-06-15-0008,35081,2,Penobscot,1988,Blue,NoData
1990,600001,6/20/1990,1988_600001,8801_600001,8801,PN-VZ-FT-adl-1990-06-20-0010,35522,2,Penobscot,1988,Green,NoData
1990,624379,6/20/1990,1988_624379,8801_624379,8801,PN-VZ-FT-adl-1990-06-20-0085,35597,2,Penobscot,1988,Green,NoData
1990,641540,6/20/1990,1988_641540,8802_641540,8802,PN-VZ-FT-adl-1990-06-20-0004,35516,2,Penobscot,1988,Green,NoData
1990,642134,6/20/1990,1988_642134,8802_642134,8802,PN-VZ-FT-adl-1990-06-20-0008,35520,2,Penobscot,1988,Green,NoData
1990,657651,6/20/1990,1988_657651,8803_657651,8803,PN-VZ-FT-adl-1990-06-20-0117,35629,2,Penobscot,1988,Blue,NoData
1990,682128,6/20/1990,1988_682128,8804_682128,8804,PN-VZ-FT-adl-1990-06-20-0094,35606,2,Penobscot,1988,Blue,NoData
1990,607558,8/23/1990,1988_607558,8801_607558,8801,PN-VZ-FT-adl-1990-08-23-0002,37248,2,Penobscot,1988,Green,NoData
1990,668342,9/10/1990,1988_668342,8803_668342,8803,PN-VZ-FT-adl-1990-09-10-0012,37333,2,Penobscot,1988,Blue,NoData
1990,640455,9/16/1990,1988_640455,8802_640455,8802,PN-VZ-FT-adl-1990-09-16-0016,37472,2,Penobscot,1988,Green,NoData
1990,693626,9/20/1990,1988_693626,8804_693626,8804,PN-VZ-FT-adl-1990-09-20-0009,37502,2,Penobscot,1988,Blue,NoData
1990,633759,9/24/1990,1988_633759,8802_633759,8802,PN-VZ-FT-adl-1990-09-24-0012,37550,2,Penobscot,1988,Green,NoData
1990,659137,9/27/1990,1988_659137,8803_659137,8803,PN-VZ-FT-adl-1990-09-27-0028,37599,2,Penobscot,1988,Blue,NoData
1992,797275,6/10/1992,1990_797275,9002_797275,9002,PN-VZ-FT-adl-1992-06-10-0040,39610,2,Penobscot,1990,Green,NoData
1993,835526,6/20/1993,1991_835526,9102_835526,9102,PN-VZ-FT-adl-1993-06-20-0061,42042,2,Penobscot,1991,Green,NoData
1993,842838,6/20/1993,1991_842838,9102_842838,9102,PN-VZ-FT-adl-1993-06-20-0063,42044,2,Penobscot,1991,Green,NoData
1998,914801,6/12/1998,1996_914801,9601_914801,9601,PN-VZ-FT-adl-1998-06-12-0005,49903,2,Penobscot,1996,Green,NoData
1998,939999,6/13/1998,1996_939999,9601_939999,9601,PN-VZ-FT-adl-1998-06-13-0001,49914,2,Penobscot,1996,Green,Crew did not look for number  939999 assigned
1998,909231,6/14/1998,1996_909231,9601_909231,9601,PN-VZ-FT-adl-1998-06-14-0011,49943,2,Penobscot,1996,Green,Tag Embedded in Fish
1998,929999,6/14/1998,1996_929999,9601_929999,9601,PN-VZ-FT-adl-1998-06-14-0008,49940,2,Penobscot,1996,Green,Crew did not look for number  929999 assigned
1998,908415,6/16/1998,1996_908415,9601_908415,9601,PN-VZ-FT-adl-1998-06-16-0019,49983,2,Penobscot,1996,Green,BWL
1998,942129,6/20/1998,1996_942129,9601_942129,9601,PN-VZ-FT-adl-1998-06-20-0003,50091,2,Penobscot,1996,Green,BWL
1998,903284,6/21/1998,1996_903284,9601_903284,9601,PN-VZ-FT-adl-1998-06-21-0063,50191,2,Penobscot,1996,Green,BWL
1998,947058,7/13/1998,1996_947058,9601_947058,9601,PN-VZ-FT-adl-1998-07-13-0015,50964,2,Penobscot,1996,Green,BWL
1998,912385,7/2/1998,1996_912385,9601_912385,9601,PN-VZ-FT-adl-1998-07-02-0049,50635,2,Penobscot,1996,Green,NoData
1998,938480,7/6/1998,1996_938480,9601_938480,9601,PN-VZ-FT-adl-1998-07-06-0032,50796,2,Penobscot,1996,Green,C-tag 938480
1998,911736,7/7/1998,1996_911736,9601_911736,9601,PN-VZ-FT-adl-1998-07-07-0014,50815,2,Penobscot,1996,Green,"BWL, Green Carlin #911736"
1998,937642,7/8/1998,1996_937642,9601_937642,9601,PN-VZ-FT-adl-1998-07-08-0021,50848,2,Penobscot,1996,Green,NoData
