"","JoinID","year","FMC_c","M1_c","M2_c","total_c","marine.incr","marine.circ"
"1","1966_661002",1966,32,62,NA,76,2.732166,45
"2","1966_661009",1966,38,73,94,97,3.35085466666667,60
"3","1966_662001",1966,42,71,NA,93,3.150126,52
"4","1966_662002",1966,42,75,NA,92,3.07904066666667,51
"5","1966_663008",1966,43,74,NA,86,2.57480666666667,44
"6","1966_663016",1966,44,71,NA,90,2.60535333333333,47
"7","1966_663017",1966,27,60,NA,72,2.51043,46
"8","1966_663019",1966,49,83,NA,100,3.099138,52
"9","1966_663020",1966,31,68,NA,81,3.14572666666667,51
"10","1966_663022",1966,27,59,NA,76,2.25098866666667,50
"11","1966_663047",1966,43,73,NA,98,3.30598333333333,56
"12","1966_663051",1966,43,73,100,102,3.08590866666667,60
"13","1966_663055",1966,46,76,102,105,3.62305266666667,60
"14","1966_663058",1966,36,62,94,94,3.450768,59
"15","1966_663059",1966,44,75,98,101,2.951194,58
"16","1966_663061",1966,37,66,83,87,2.39797733333333,51
"17","1966_663062",1966,25,50,77,84,3.27460466666667,60
"18","1966_663064",1966,28,57,82,86,3.20956266666667,59
"19","1966_663065",1966,27,55,80,82,3.08252933333333,56
"20","1966_663066",1966,30,61,84,85,3.06644866666667,56
"21","1966_663070",1966,35,60,NA,77,2.261564,43
"22","1966_664002",1966,32,65,NA,77,2.66352133333333,46
"23","1966_664023",1966,46,80,106,109,4.04472,64
"24","1966_664026",1966,46,77,100,104,3.40607066666667,59
"25","1967_1516",1967,32,62,NA,70,1.84937066666667,39
"26","1967_260",1967,51,85,112,115,3.58219933333333,65
"27","1967_4618",1967,43,69,NA,79,2.10720466666667,37
"28","1967_629",1967,43,76,97,104,3.460908,62
"29","1967_7965",1967,50,84,NA,99,2.92593666666667,50
"30","1968_4961",1968,51,74,NA,86,1.99163733333333,36
"31","1968_7881",1968,39,68,NA,82,2.649306,44
"32","1969_1739",1969,38,72,NA,84,2.98984133333333,47
"33","1969_1928",1969,28,58,NA,71,2.49821133333333,44
"34","1969_2449",1969,43,78,NA,88,2.247454,46
"35","1969_2554",1969,41,70,NA,81,2.14828466666667,41
"36","1969_26",1969,39,61,NA,75,1.76869333333333,37
"37","1969_3140",1969,51,78,NA,91,2.50560933333333,41
"38","1969_4206",1969,52,78,NA,92,2.12362,41
"39","1969_4232",1969,57,84,108,114,3.28471666666667,58
"40","1969_4324",1969,48,72,96,104,2.989644,57
"41","1969_4343",1969,38,80,NA,94,3.33442133333333,57
"42","1969_4392",1969,38,64,NA,73,1.45732933333333,36
"43","1969_4690",1969,61,82,NA,95,2.09582,35
"44","1969_4758",1969,53,78,NA,90,2.142096,38
"45","1969_4978",1969,37,76,NA,92,3.11270133333333,56
"46","1969_5297",1969,39,59,NA,70,1.72811066666667,32
"47","1969_5433",1969,55,80,NA,95,2.23767333333333,41
"48","1969_6063",1969,51,73,104,116,3.526552,66
"49","1969_6088",1969,36,60,81,90,2.76827133333333,55
"50","1969_6128",1969,44,70,NA,84,2.22704933333333,41
"51","1969_6656",1969,30,57,NA,71,2.16486533333333,42
"52","1969_671",1969,50,83,NA,96,2.60538666666667,47
"53","1969_6720",1969,45,67,NA,82,1.96254466666667,38
"54","1969_7797",1969,40,65,NA,80,2.321348,41
"55","1969_8091",1969,41,66,NA,83,2.62903666666667,43
"56","1969_8168",1969,45,65,NA,75,1.668798,31
"57","1969_8186",1969,46,72,NA,88,2.38458,43
"58","1969_8213",1969,48,71,NA,83,1.84950933333333,36
"59","1969_856",1969,44,78,NA,89,1.898772,46
"60","1969_9315",1969,72,90,NA,101,1.624694,30
"61","1969_9635",1969,47,72,91,104,2.98598666666667,58
"62","1969_9839",1969,39,64,NA,74,1.711254,36
"63","1970_10035",1970,34,69,NA,83,2.80042,50
"64","1970_10085",1970,36,72,NA,93,2.922494,58
"65","1970_10243",1970,48,67,NA,79,1.57950666666667,32
"66","1970_10474",1970,49,77,NA,90,2.24582666666667,42
"67","1970_11020",1970,31,57,NA,72,2.60170266666667,42
"68","1970_11281",1970,41,67,NA,79,2.112236,39
"69","1970_11523",1970,37,65,NA,76,1.91553666666667,40
"70","1970_11602",1970,37,74,NA,92,3.26299266666667,56
"71","1970_11875",1970,45,77,NA,93,2.684276,49
"72","1970_11905",1970,25,54,NA,70,2.41058466666667,46
"73","1970_12795",1970,71,98,NA,112,2.70132866666667,42
"74","1970_12807",1970,20,61,NA,78,2.80074666666667,59
"75","1970_12829",1970,62,88,NA,99,2.04240666666667,38
"76","1970_12831",1970,46,75,NA,90,2.41297866666667,45
"77","1970_13302",1970,78,107,NA,120,2.35123133333333,43
"78","1970_13307",1970,50,70,NA,86,2.09997866666667,37
"79","1970_13425",1970,68,98,NA,109,2.05546866666667,42
"80","1970_13443",1970,60,80,NA,98,1.924574,39
"81","1970_13882",1970,61,90,NA,106,2.60697466666667,46
"82","1970_13966",1970,53,78,NA,93,2.33250666666667,41
"83","1970_14234",1970,67,91,NA,109,2.61461733333333,43
"84","1970_14314",1970,40,61,NA,74,1.40718533333333,35
"85","1970_14779",1970,47,72,NA,87,2.20663133333333,41
"86","1970_14936",1970,52,73,NA,88,1.62727666666667,37
"87","1970_15511",1970,50,77,NA,88,1.96469666666667,39
"88","1970_15661",1970,48,74,NA,89,2.23580733333333,42
"89","1970_16077",1970,65,96,NA,111,2.68858,47
"90","1970_17370",1970,64,92,NA,106,1.97895066666667,43
"91","1970_17452",1970,59,80,101,110,2.713392,52
"92","1970_17637",1970,56,81,NA,95,2.157904,40
"93","1970_17869",1970,43,68,NA,78,2.0636,36
"94","1970_18024",1970,66,91,NA,105,1.81426466666667,40
"95","1970_18518",1970,54,88,NA,103,2.62901666666667,50
"96","1970_19286",1970,63,94,NA,100,1.87137533333333,38
"97","1970_19964",1970,63,90,NA,103,2.17674333333333,41
"98","1970_20016",1970,55,86,NA,101,2.37079266666667,47
"99","1970_20058",1970,61,89,NA,107,2.29492666666667,47
"100","1970_20331",1970,57,87,NA,105,2.95677466666667,49
"101","1970_20709",1970,66,85,NA,100,2.15175866666667,35
"102","1970_21507",1970,40,78,NA,90,3.00272,51
"103","1970_21665",1970,47,76,NA,86,1.99298333333333,40
"104","1970_21666",1970,63,90,NA,106,2.17953733333333,44
"105","1970_22063",1970,58,77,NA,92,1.960206,35
"106","1970_22467",1970,51,78,NA,95,2.54667466666667,45
"107","1970_22612",1970,45,69,NA,80,2.06266066666667,36
"108","1970_22626",1970,63,89,NA,107,2.266106,45
"109","1970_22732",1970,47,72,NA,88,2.46427733333333,42
"110","1970_22912",1970,67,91,NA,104,1.963302,38
"111","1970_22964",1970,41,65,NA,74,1.84016333333333,34
"112","1970_23773",1970,42,68,NA,82,2.24892733333333,41
"113","1970_23817",1970,56,81,NA,93,2.082536,38
"114","1970_24005",1970,54,78,NA,95,2.26623,42
"115","1970_24297",1970,35,60,NA,75,1.88916,41
"116","1970_24813",1970,45,78,NA,97,2.76338666666667,53
"117","1970_25231",1970,62,85,NA,104,2.55964666666667,43
"118","1970_25348",1970,52,74,NA,86,1.539106,35
"119","1970_25359",1970,34,58,NA,69,1.81180333333333,36
"120","1970_25541",1970,40,70,NA,88,2.87882466666667,49
"121","1970_25840",1970,40,62,NA,76,2.08488066666667,37
"122","1970_25938",1970,50,75,NA,87,2.19276533333333,38
"123","1970_25943",1970,62,92,NA,104,1.901226,43
"124","1970_26022",1970,53,89,NA,106,2.760278,54
"125","1970_26097",1970,48,75,NA,89,2.26686733333333,42
"126","1970_26701",1970,63,92,NA,103,2.26124833333333,41
"127","1970_26739",1970,49,78,NA,89,1.708014,41
"128","1970_27031",1970,50,82,NA,99,2.602828,50
"129","1970_27036",1970,62,86,NA,98,1.750234,37
"130","1970_27218",1970,53,81,NA,93,2.29778266666667,41
"131","1970_27495",1970,40,73,NA,84,2.60212666666667,45
"132","1970_28161",1970,48,74,NA,87,1.96175933333333,40
"133","1970_28164",1970,66,99,NA,115,2.53705733333333,50
"134","1970_28280",1970,56,86,NA,100,2.52454466666667,45
"135","1970_28367",1970,71,97,NA,112,2.305888,42
"136","1970_28386",1970,38,65,NA,81,2.64883,44
"137","1970_28448",1970,64,94,NA,106,2.140306,43
"138","1970_28692",1970,74,98,NA,111,1.946916,38
"139","1970_29159",1970,44,68,NA,83,1.60014666666667,40
"140","1970_29212",1970,54,82,NA,95,2.28953133333333,42
"141","1970_29523",1970,53,81,NA,93,1.907854,41
"142","1970_29527",1970,55,77,NA,91,2.09535533333333,37
"143","1970_29843",1970,48,73,NA,87,1.84208,40
"144","1970_29873",1970,52,85,NA,100,2.38781733333333,49
"145","1970_29900",1970,61,90,NA,103,2.197824,43
"146","1970_29951",1970,76,99,NA,113,1.965464,38
"147","1970_30130",1970,48,76,NA,91,2.25538066666667,44
"148","1970_30307",1970,64,86,NA,101,1.82898533333333,38
"149","1970_30331",1970,29,69,NA,89,3.56578,61
"150","1970_30349",1970,62,88,110,116,2.67697533333333,55
"151","1970_30822",1970,62,86,NA,99,1.92125266666667,38
"152","1970_30946",1970,63,93,NA,107,2.40206266666667,45
"153","1970_30951",1970,71,91,NA,108,2.29970466666667,38
"154","1970_31310",1970,28,53,NA,74,3.211802,47
"155","1970_31336",1970,44,74,NA,90,2.630332,47
"156","1970_31404",1970,36,61,NA,71,2.25272466666667,36
"157","1970_31979",1970,38,66,NA,83,2.05249266666667,46
"158","1970_32128",1970,46,82,NA,102,3.55851733333333,57
"159","1970_32582",1970,57,83,NA,102,2.45845333333333,46
"160","1970_32616",1970,17,47,NA,62,2.461034,46
"161","1970_32646",1970,57,88,NA,101,2.44174666666667,45
"162","1970_33093",1970,51,80,NA,94,2.20675,44
"163","1970_33268",1970,31,69,NA,83,3.41789333333333,53
"164","1970_33327",1970,19,54,NA,68,2.47680466666667,50
"165","1970_33373",1970,57,88,NA,106,2.477986,50
"166","1970_33518",1970,70,100,NA,114,2.53952466666667,45
"167","1970_33847",1970,40,68,NA,84,2.70790333333333,45
"168","1970_33879",1970,45,69,NA,84,1.895364,40
"169","1970_34079",1970,26,64,NA,77,3.13803666666667,52
"170","1970_34100",1970,47,72,NA,86,1.87472533333333,40
"171","1970_34156",1970,32,69,NA,82,2.93719933333333,51
"172","1970_34306",1970,47,80,NA,96,2.49145666666667,50
"173","1970_34535",1970,28,48,NA,60,1.71330733333333,33
"174","1970_34660",1970,54,86,NA,102,2.41798266666667,49
"175","1970_34911",1970,46,72,NA,87,1.88203133333333,42
"176","1970_35147",1970,53,78,NA,93,2.364342,41
"177","1970_35148",1970,26,63,NA,74,3.12149533333333,49
"178","1970_35278",1970,45,75,NA,89,2.013866,45
"179","1970_35451",1970,62,91,NA,105,2.498272,44
"180","1970_35702",1970,47,79,NA,95,2.74699533333333,49
"181","1970_35880",1970,36,64,NA,78,2.047864,43
"182","1970_35918",1970,35,58,NA,74,2.21425533333333,40
"183","1970_36379",1970,59,89,NA,107,2.65112666666667,49
"184","1970_36998",1970,63,88,NA,106,2.607988,44
"185","1970_37217",1970,43,63,NA,73,1.665262,31
"186","1970_37322",1970,41,80,NA,95,2.95816866666667,55
"187","1970_37401",1970,37,64,NA,78,2.51595666666667,42
"188","1970_37469",1970,50,77,NA,88,1.97259066666667,39
"189","1970_37581",1970,49,66,NA,76,1.59417,28
"190","1970_37755",1970,57,84,NA,103,2.671154,47
"191","1970_37767",1970,48,72,NA,88,2.2284,41
"192","1970_37989",1970,55,74,NA,89,1.760896,35
"193","1970_38185",1970,53,78,NA,91,1.58724133333333,39
"194","1970_38455",1970,52,81,NA,95,2.155816,44
"195","1970_38592",1970,62,92,NA,108,2.549266,47
"196","1970_38846",1970,53,71,NA,81,1.51091066666667,29
"197","1970_39134",1970,24,67,NA,83,3.57328866666667,60
"198","1970_39135",1970,26,52,NA,65,2.233786,40
"199","1970_39350",1970,25,59,NA,72,1.646254,48
"200","1970_39395",1970,45,72,NA,84,2.21083466666667,40
"201","1970_39576",1970,35,64,NA,82,2.121836,48
"202","1970_39629",1970,60,92,NA,103,2.32227666666667,44
"203","1970_39657",1970,52,73,NA,86,1.460344,35
"204","1970_39822",1970,34,64,NA,77,2.37289133333333,44
"205","1970_40385",1970,60,81,NA,96,2.07158666666667,37
"206","1970_41245",1970,52,75,NA,90,2.32124,39
"207","1970_41742",1970,59,91,NA,108,2.1888,50
"208","1970_41990",1970,51,79,NA,95,2.41882933333333,45
"209","1970_42229",1970,36,73,NA,90,3.12643666666667,55
"210","1970_42438",1970,44,70,NA,83,2.01887133333333,40
"211","1970_42596",1970,43,66,NA,76,1.62993333333333,34
"212","1970_42767",1970,30,48,NA,60,1.46638666666667,31
"213","1970_42949",1970,67,101,NA,116,2.469932,50
"214","1970_43119",1970,71,99,NA,110,2.14460666666667,40
"215","1970_43155",1970,48,80,NA,96,2.08955,49
"216","1970_43328",1970,46,70,NA,89,2.48333,44
"217","1970_43425",1970,49,78,NA,91,2.61252466666667,43
"218","1970_43504",1970,53,76,NA,90,1.85493866666667,38
"219","1970_43802",1970,32,61,NA,75,2.39607066666667,44
"220","1970_43871",1970,46,73,NA,82,1.49080266666667,37
"221","1970_44137",1970,38,70,NA,85,2.48821133333333,48
"222","1970_44514",1970,35,60,NA,71,2.40447266666667,37
"223","1970_44804",1970,51,82,NA,99,2.69590466666667,49
"224","1970_44966",1970,48,73,NA,84,1.63972333333333,37
"225","1970_45016",1970,47,77,NA,93,2.14218933333333,47
"226","1970_45092",1970,33,71,NA,87,3.204818,55
"227","1970_45181",1970,57,84,NA,100,2.68228066666667,44
"228","1970_45312",1970,42,75,NA,92,2.76747733333333,51
"229","1970_45816",1970,55,92,NA,106,2.47779333333333,52
"230","1970_45877",1970,54,80,NA,95,2.179368,42
"231","1970_45979",1970,60,84,NA,100,2.36566266666667,41
"232","1970_46153",1970,44,68,NA,81,2.32054,38
"233","1970_46189",1970,55,87,NA,103,2.80134133333333,49
"234","1970_46416",1970,47,78,NA,92,2.33961133333333,46
"235","1970_46519",1970,53,73,NA,95,2.26736333333333,43
"236","1970_46524",1970,64,89,NA,110,2.45257066666667,47
"237","1970_46600",1970,50,77,NA,91,2.354134,42
"238","1970_46790",1970,52,77,NA,90,1.903424,39
"239","1970_46976",1970,61,83,NA,95,2.018604,35
"240","1970_47411",1970,55,79,NA,96,2.58661066666667,42
"241","1970_47517",1970,53,80,NA,91,2.04780466666667,39
"242","1970_47586",1970,44,67,NA,81,2.38891,38
"243","1970_47695",1970,32,71,NA,80,2.88032533333333,49
"244","1970_47862",1970,63,87,NA,104,2.431396,42
"245","1970_47867",1970,46,73,NA,84,1.7124,39
"246","1970_47985",1970,40,67,NA,85,2.37492666666667,46
"247","1970_48037",1970,52,81,NA,99,2.49528,48
"248","1970_48163",1970,56,95,NA,107,2.84513066666667,52
"249","1970_48434",1970,47,69,NA,81,1.9452,35
"250","1970_48514",1970,51,81,NA,95,2.37854333333333,45
"251","1970_48635",1970,40,70,NA,81,2.64165,42
"252","1970_48719",1970,46,76,NA,88,1.957328,43
"253","1970_48931",1970,58,85,NA,98,2.53454333333333,41
"254","1970_49145",1970,34,64,NA,82,2.53113333333333,49
"255","1970_49250",1970,60,94,NA,112,2.93774333333333,53
"256","1970_49998",1970,55,86,NA,101,2.56562,47
"257","1970_50570",1970,65,92,NA,109,2.3634,45
"258","1970_50769",1970,44,75,NA,90,2.23758666666667,47
"259","1970_50847",1970,34,79,NA,98,3.07845733333333,65
"260","1970_50937",1970,47,77,NA,89,2.070426,43
"261","1970_51105",1970,41,69,NA,82,1.91001666666667,42
"262","1970_51172",1970,61,91,NA,106,2.61868333333333,46
"263","1970_51190",1970,66,85,NA,103,1.89110066666667,38
"264","1970_51362",1970,54,77,NA,92,1.881094,39
"265","1970_51487",1970,55,79,NA,93,1.93605466666667,39
"266","1970_51524",1970,45,81,NA,96,2.269156,52
"267","1970_51787",1970,49,73,NA,85,2.04572,37
"268","1970_51796",1970,30,63,NA,78,2.871368,49
"269","1970_51893",1970,45,69,NA,86,2.150388,42
"270","1970_51969",1970,56,87,NA,106,2.86830933333333,51
"271","1970_51981",1970,62,100,NA,114,2.83167133333333,53
"272","1970_52097",1970,61,97,NA,112,3.07015533333333,52
"273","1970_52370",1970,58,87,NA,100,1.824956,43
"274","1970_52650",1970,68,98,NA,111,2.26941,44
"275","1970_52696",1970,51,86,NA,97,2.657968,47
"276","1970_52903",1970,51,88,NA,109,3.28442,59
"277","1970_53034",1970,39,66,NA,77,1.95315466666667,39
"278","1970_53104",1970,50,73,NA,91,2.31833933333333,42
"279","1970_53107",1970,43,70,NA,85,2.45086266666667,43
"280","1970_53135",1970,32,65,NA,89,3.49625933333333,58
"281","1970_53173",1970,55,87,NA,105,2.895646,51
"282","1970_53292",1970,42,71,NA,84,2.40258333333333,43
"283","1970_53484",1970,59,92,NA,105,2.51968666666667,47
"284","1970_53899",1970,51,88,NA,102,2.86716733333333,52
"285","1970_53946",1970,50,75,NA,94,2.503956,45
"286","1970_53991",1970,58,89,NA,103,2.66558133333333,46
"287","1970_54856",1970,70,106,NA,121,2.70344933333333,52
"288","1970_54910",1970,36,72,NA,90,2.993692,55
"289","1970_54942",1970,45,73,NA,83,1.93591733333333,39
"290","1970_55133",1970,62,97,NA,114,3.07145866666667,53
"291","1970_55285",1970,61,88,NA,105,2.489294,45
"292","1970_55300",1970,58,83,NA,95,1.61980466666667,38
"293","1970_55437",1970,64,90,NA,108,2.41572,45
"294","1970_55572",1970,63,86,NA,102,2.05263333333333,40
"295","1970_56267",1970,42,70,NA,80,1.93184533333333,39
"296","1970_56456",1970,52,78,NA,90,2.26636666666667,39
"297","1970_56974",1970,57,84,NA,100,2.728398,44
"298","1970_57092",1970,56,85,NA,101,2.426388,46
"299","1970_57524",1970,39,70,NA,90,2.82611266666667,52
"300","1970_8906",1970,49,76,NA,90,2.07725266666667,42
"301","1970_8933",1970,30,50,NA,61,1.69422666666667,32
"302","1970_9114",1970,23,53,NA,73,2.92188866666667,51
"303","1970_9132",1970,69,90,NA,109,2.03662666666667,41
"304","1970_9170",1970,44,74,NA,88,2.04350466666667,45
"305","1970_9195",1970,56,88,NA,100,2.50569066666667,45
"306","1970_9751",1970,56,86,NA,97,2.40376,42
"307","1970_9950",1970,39,66,NA,82,2.45288,44
"308","1971_70308",1971,45,76,NA,90,2.392824,46
"309","1971_70319",1971,41,66,NA,80,2.270464,40
"310","1971_71017",1971,43,75,NA,85,2.73010733333333,43
"311","1971_71684",1971,47,79,NA,95,2.71901133333333,49
"312","1971_71747",1971,45,73,NA,88,2.37770133333333,44
"313","1971_72762",1971,48,81,NA,91,2.163942,44
"314","1971_73388",1971,46,74,NA,88,2.84221733333333,43
"315","1971_74483",1971,49,75,NA,90,2.35601866666667,42
"316","1971_74572",1971,38,62,NA,79,2.293374,42
"317","1971_75376",1971,46,76,NA,94,2.901296,49
"318","1971_75618",1971,46,78,NA,92,2.32337866666667,47
"319","1971_76446",1971,44,65,NA,83,2.55300133333333,40
"320","1971_76950",1971,45,73,NA,85,2.16344466666667,41
"321","1971_77141",1971,40,63,NA,77,2.22908733333333,38
"322","1971_77413",1971,47,73,NA,84,1.77301733333333,38
"323","1971_78125",1971,36,74,NA,87,3.22589866666667,52
"324","1971_79033",1971,45,71,101,102,3.18648533333333,58
"325","1971_79040",1971,47,77,NA,93,2.58211866666667,47
"326","1971_79098",1971,47,71,NA,92,2.35941,46
"327","1971_79459",1971,45,76,NA,97,3.01052,53
"328","1971_79650",1971,55,79,NA,94,2.04971333333333,40
"329","1971_79667",1971,34,70,NA,91,3.19298866666667,58
"330","1971_80145",1971,37,67,NA,81,2.824742,45
"331","1971_80426",1971,50,77,NA,94,2.01383,45
"332","1971_80443",1971,49,70,NA,84,2.06050866666667,36
"333","1971_81146",1971,45,67,NA,80,1.97958866666667,36
"334","1971_81294",1971,51,72,91,103,3.25993333333333,53
"335","1971_81833",1971,44,77,NA,91,2.38562266666667,48
"336","1971_81861",1971,45,70,NA,85,2.481614,41
"337","1971_82071",1971,31,61,NA,75,2.909768,45
"338","1971_82651",1971,41,67,NA,84,2.807102,44
"339","1971_83317",1971,35,60,88,96,3.483114,62
"340","1971_83374",1971,45,72,NA,85,2.30351333333333,41
"341","1971_83940",1971,43,63,92,107,3.5163,65
"342","1971_84429",1971,49,72,NA,86,2.30431933333333,38
"343","1971_84562",1971,55,74,NA,89,2.13442,35
"344","1971_84791",1971,53,76,111,119,3.73337,67
"345","1971_85002",1971,40,62,NA,79,1.79536133333333,40
"346","1971_85367",1971,52,74,NA,89,2.25602933333333,38
"347","1971_85686",1971,49,75,NA,89,2.32212933333333,41
"348","1971_86556",1971,45,71,NA,83,2.060068,39
"349","1971_86573",1971,40,67,NA,77,2.15072066666667,38
"350","1971_88150",1971,34,60,83,96,4.049214,63
"351","1971_90296",1971,39,61,NA,71,1.89790533333333,33
"352","1971_90623",1971,54,77,NA,94,2.42579466666667,41
"353","1971_90625",1971,46,81,NA,91,2.52929733333333,46
"354","1971_90904",1971,38,71,NA,85,2.40374066666667,48
"355","1971_91124",1971,50,70,NA,85,2.177908,36
"356","1971_91835",1971,50,70,98,107,3.126904,58
"357","1971_91863",1971,45,69,NA,76,2.27245466666667,32
"358","1971_92871",1971,53,81,NA,92,2.11372,40
"359","1971_93051",1971,48,72,NA,85,2.042986,38
"360","1971_93794",1971,42,70,NA,83,2.19819933333333,42
"361","1971_94005",1971,47,71,NA,85,2.551356,39
"362","1971_94491",1971,50,74,NA,89,2.22526666666667,40
"363","1971_95475",1971,54,81,NA,97,2.49799466666667,44
"364","1971_95888",1971,60,79,NA,91,1.76982,32
"365","1971_96030",1971,38,66,NA,82,2.25865133333333,45
"366","1971_97169",1971,56,77,101,111,3.5078,56
"367","1971_99229",1971,38,64,NA,72,2.00757866666667,35
"368","1972_10340",1972,53,87,NA,98,2.30342466666667,46
"369","1972_10543",1972,52,79,NA,94,2.46369266666667,43
"370","1972_10557",1972,45,75,NA,89,2.17291466666667,45
"371","1972_11415",1972,46,70,NA,80,1.80537333333333,35
"372","1972_12093",1972,23,62,NA,77,3.13855333333333,55
"373","1972_12103",1972,47,72,NA,86,2.32233533333333,40
"374","1972_12292",1972,48,83,NA,94,3.053326,47
"375","1972_12379",1972,31,57,NA,69,2.11776133333333,39
"376","1972_13488",1972,30,81,NA,96,3.23310266666667,67
"377","1972_13716",1972,53,76,NA,88,2.40013133333333,36
"378","1972_13750",1972,43,63,NA,74,1.895124,32
"379","1972_15986",1972,56,84,NA,104,2.86029933333333,49
"380","1972_16073",1972,47,76,NA,85,2.372778,39
"381","1972_16568",1972,62,88,NA,105,2.38193466666667,44
"382","1972_17154",1972,55,79,NA,90,1.83859333333333,36
"383","1972_17960",1972,50,82,NA,96,2.45704933333333,47
"384","1972_18742",1972,41,75,NA,89,2.76731466666667,49
"385","1972_20336",1972,48,75,NA,97,2.99210733333333,50
"386","1972_2048",1972,54,87,NA,101,2.11142733333333,48
"387","1972_2164",1972,64,87,NA,100,1.91884466666667,37
"388","1972_22105",1972,48,76,NA,88,2.27435866666667,41
"389","1972_2368",1972,40,72,NA,88,3.09468133333333,49
"390","1972_2445",1972,38,64,NA,82,2.121172,45
"391","1972_25148",1972,59,91,NA,108,2.99306,50
"392","1972_25216",1972,53,80,NA,94,2.34414266666667,42
"393","1972_25459",1972,63,89,NA,106,2.24006,44
"394","1972_25633",1972,72,96,NA,115,2.48519666666667,44
"395","1972_27225",1972,66,89,NA,106,2.39342533333333,41
"396","1972_27510",1972,58,82,NA,99,2.31620733333333,42
"397","1972_2754",1972,46,74,NA,91,2.73165,46
"398","1972_28363",1972,61,89,NA,101,2.56188666666667,41
"399","1972_28879",1972,58,84,NA,100,2.59371933333333,43
"400","1972_29046",1972,56,88,NA,104,2.489204,49
"401","1972_29964",1972,64,94,NA,109,2.67608,46
"402","1972_30305",1972,31,58,NA,76,3.12808866666667,46
"403","1972_31484",1972,67,88,NA,107,2.23200533333333,41
"404","1972_3193",1972,45,73,NA,88,2.37076866666667,44
"405","1972_32174",1972,57,88,NA,104,2.67830533333333,48
"406","1972_32567",1972,45,77,NA,92,2.82210666666667,48
"407","1972_35738",1972,68,92,NA,106,2.416768,39
"408","1972_365",1972,55,85,NA,102,3.02465133333333,48
"409","1972_39443",1972,47,79,NA,93,2.51618666666667,47
"410","1972_3963",1972,66,90,NA,100,1.95876066666667,35
"411","1972_39787",1972,55,82,NA,94,2.54685533333333,40
"412","1972_3998",1972,59,88,NA,104,2.81452933333333,46
"413","1972_41831",1972,30,63,NA,75,2.56898866666667,46
"414","1972_42137",1972,33,64,NA,80,2.67307933333333,48
"415","1972_42804",1972,45,72,NA,83,2.11275066666667,39
"416","1972_43593",1972,47,68,NA,85,2.62699466666667,39
"417","1972_44477",1972,51,84,NA,101,2.82917266666667,51
"418","1972_46696",1972,55,77,NA,96,2.49305,42
"419","1972_47254",1972,50,78,NA,93,2.47054266666667,44
"420","1972_4851",1972,33,61,NA,69,2.25122,37
"421","1972_48783",1972,58,90,113,121,3.23649333333333,64
"422","1972_49843",1972,35,64,NA,79,2.439622,45
"423","1972_50572",1972,44,68,NA,77,1.80445133333333,34
"424","1972_50582",1972,41,67,NA,76,2.438434,36
"425","1972_5209",1972,46,72,NA,85,2.09924066666667,40
"426","1972_52612",1972,52,76,NA,87,1.91598,36
"427","1972_52827",1972,27,55,NA,67,2.49992933333333,41
"428","1972_57409",1972,50,74,NA,91,2.398526,42
"429","1972_58243",1972,40,64,NA,78,2.04488266666667,39
"430","1972_59176",1972,49,76,NA,96,2.700266,48
"431","1972_60129",1972,65,96,NA,108,2.69421066666667,44
"432","1972_60146",1972,46,75,NA,89,2.60435466666667,44
"433","1972_60534",1972,51,83,NA,98,2.529702,48
"434","1972_60544",1972,50,76,NA,86,2.291466,37
"435","1972_60733",1972,42,71,NA,85,2.961906,44
"436","1972_61399",1972,43,67,NA,76,1.78897866666667,34
"437","1972_61753",1972,42,67,NA,85,2.574612,44
"438","1972_61810",1972,58,81,NA,92,1.98381933333333,35
"439","1972_63938",1972,49,73,NA,84,1.86716933333333,36
"440","1972_64185",1972,42,68,NA,82,1.97366,41
"441","1972_6588",1972,66,94,NA,109,2.32289533333333,44
"442","1972_6642",1972,70,96,NA,112,2.35471866666667,43
"443","1972_7918",1972,43,69,NA,82,2.36276733333333,40
"444","1972_8277",1972,37,64,NA,78,2.65678666666667,42
"445","1973_18547",1972,45,77,NA,89,2.50866133333333,45
"446","1973_58609",1973,42,72,NA,85,2.2806,44
"447","1973_58770",1973,41,65,NA,79,1.94292266666667,39
"448","1973_59497",1973,53,81,NA,94,2.22616666666667,42
"449","1973_59898",1973,41,72,NA,84,2.209112,44
"450","1973_60035",1973,57,83,NA,92,1.87953066666667,36
"451","1973_60126",1973,39,69,NA,84,2.86010066666667,46
"452","1973_60239",1973,42,64,NA,74,1.34405933333333,33
"453","1973_60304",1973,34,58,NA,71,2.06465866666667,38
"454","1973_60337",1973,42,73,NA,84,2.47505333333333,43
"455","1973_60541",1973,50,72,100,105,3.05714066666667,56
"456","1973_60655",1973,61,85,NA,97,2.07504333333333,37
"457","1973_60895",1973,41,68,NA,82,2.853392,42
"458","1973_61100",1973,47,65,NA,80,1.57883733333333,34
"459","1973_61222",1973,49,79,NA,98,2.260376,50
"460","1973_61260",1973,37,64,NA,78,2.319876,42
"461","1973_61456",1973,51,81,NA,96,2.661616,46
"462","1973_61622",1973,60,87,NA,100,2.22200933333333,41
"463","1973_61636",1973,36,64,NA,74,1.742366,39
"464","1973_62137",1973,40,65,NA,76,2.459824,37
"465","1973_62188",1973,54,81,NA,93,2.33077,40
"466","1973_62644",1973,40,66,NA,76,1.73708,37
"467","1973_63041",1973,39,67,NA,81,2.274024,43
"468","1973_63105",1973,46,74,NA,87,2.51777533333333,42
"469","1973_63354",1973,33,62,NA,73,2.15726066666667,41
"470","1973_63468",1973,31,64,NA,79,2.74229133333333,49
"471","1973_63918",1973,54,83,NA,97,2.477444,44
"472","1973_64481",1973,48,77,NA,91,2.17765866666667,44
"473","1973_64512",1973,39,66,NA,80,2.24620933333333,42
"474","1973_64684",1973,47,77,NA,93,2.70562333333333,47
"475","1973_64765",1973,31,62,NA,79,2.658066,49
"476","1973_64818",1973,47,74,NA,91,2.391376,45
"477","1973_64979",1973,36,62,NA,75,1.887174,40
"478","1973_65265",1973,59,87,NA,103,2.49450666666667,45
"479","1973_65351",1973,68,94,NA,105,2.35764933333333,38
"480","1973_65657",1973,58,84,NA,97,1.96406133333333,40
"481","1973_65753",1973,43,70,NA,82,2.33565133333333,40
"482","1973_66359",1973,65,94,123,125,2.874528,61
"483","1973_66360",1973,58,86,NA,106,2.706714,49
"484","1973_66499",1973,50,73,NA,86,1.94698866666667,37
"485","1973_66720",1973,47,71,NA,84,2.27717733333333,38
"486","1973_66722",1973,61,92,NA,103,2.32711866666667,43
"487","1973_66899",1973,52,84,NA,100,2.81864066666667,49
"488","1973_67109",1973,49,80,NA,94,2.518396,46
"489","1973_67310",1973,49,80,NA,98,2.54332866666667,50
"490","1973_67383",1973,54,84,NA,97,2.61604933333333,44
"491","1973_67387",1973,52,81,NA,102,2.78154933333333,51
"492","1973_67452",1973,51,86,NA,104,2.706864,54
"493","1973_67460",1973,51,81,NA,92,2.11327466666667,42
"494","1973_67483",1973,39,71,NA,84,2.760254,46
"495","1973_68137",1973,47,70,NA,81,2.11500866666667,35
"496","1973_68707",1973,68,94,NA,107,2.091594,40
"497","1973_69242",1973,50,81,NA,96,2.614562,47
"498","1973_69922",1973,59,87,NA,102,2.20582,44
"499","1973_70155",1973,54,86,NA,99,2.310098,46
"500","1973_70346",1973,52,77,NA,89,1.81224266666667,38
"501","1973_70509",1973,44,70,NA,87,2.62520133333333,44
"502","1973_70619",1973,61,88,NA,98,2.08714666666667,38
"503","1973_71071",1973,51,81,NA,94,2.39293666666667,44
"504","1973_71215",1973,59,90,NA,105,2.34656,47
"505","1973_71462",1973,43,68,NA,80,1.75790133333333,38
"506","1973_72024",1973,51,83,NA,92,2.00594933333333,42
"507","1973_72156",1973,53,79,NA,93,2.22423333333333,41
"508","1973_72290",1973,66,98,NA,112,2.74852,47
"509","1973_72413",1973,58,87,NA,106,3.071274,49
"510","1973_72492",1973,57,89,NA,101,2.190592,45
"511","1973_72494",1973,66,91,NA,108,2.39114666666667,43
"512","1973_72644",1973,60,88,NA,99,2.14403866666667,40
"513","1973_72866",1973,60,88,NA,101,2.52064866666667,42
"514","1973_72869",1973,61,91,NA,106,3.06139133333333,46
"515","1973_72889",1973,49,78,NA,98,2.22462,50
"516","1973_72989",1973,60,86,NA,98,2.32808,39
"517","1973_73221",1973,56,89,NA,103,2.44955266666667,48
"518","1973_73331",1973,43,75,NA,89,2.35041466666667,47
"519","1973_73694",1973,48,82,NA,92,2.77682133333333,45
"520","1973_74146",1973,62,89,NA,103,1.84426666666667,42
"521","1973_74235",1973,56,89,NA,103,2.12681133333333,48
"522","1973_74307",1973,53,76,NA,90,2.09931533333333,38
"523","1973_74617",1973,51,82,NA,96,2.13111666666667,46
"524","1973_75974",1973,53,81,NA,98,2.71324466666667,46
"525","1973_76126",1973,40,70,NA,82,2.51076666666667,43
"526","1973_76222",1973,61,89,NA,103,2.15277266666667,43
"527","1973_76490",1973,40,61,NA,78,1.87336333333333,39
"528","1973_76710",1973,49,78,NA,97,2.56612733333333,49
"529","1973_76713",1973,54,81,NA,99,2.498066,46
"530","1973_77159",1973,45,84,NA,99,2.604474,55
"531","1973_78219",1973,43,73,NA,88,2.46759533333333,46
"532","1973_78573",1973,29,56,NA,63,1.67492266666667,35
"533","1973_78666",1973,54,83,NA,97,1.81258266666667,44
"534","1973_78934",1973,62,94,NA,110,2.5598,49
"535","1973_79309",1973,61,90,NA,102,2.300632,42
"536","1973_79592",1973,54,82,NA,98,2.408228,45
"537","1973_79805",1973,55,80,NA,99,2.56652733333333,45
"538","1973_80011",1973,64,88,NA,104,2.12657466666667,41
"539","1973_80598",1973,52,78,NA,98,2.617894,47
"540","1973_80652",1973,45,71,NA,84,2.31926133333333,40
"541","1973_80780",1973,54,78,NA,96,2.25347866666667,43
"542","1973_80912",1973,62,88,NA,98,1.82421,37
"543","1973_81092",1973,63,92,NA,106,2.473824,44
"544","1973_81208",1973,46,69,NA,79,2.041586,34
"545","1973_81542",1973,48,76,NA,89,2.32059266666667,42
"546","1973_81605",1973,35,69,NA,85,2.449146,51
"547","1973_81627",1973,50,81,NA,95,2.514786,46
"548","1973_81960",1973,56,82,NA,95,2.07457133333333,40
"549","1973_82043",1973,71,95,NA,112,2.13075866666667,42
"550","1973_82503",1973,62,88,NA,100,2.07911,39
"551","1973_82655",1973,29,75,NA,95,3.81119333333333,67
"552","1973_82777",1973,58,88,NA,105,2.66768933333333,48
"553","1973_83216",1973,44,71,NA,83,1.966832,40
"554","1973_83297",1973,55,86,NA,100,2.42674266666667,46
"555","1973_83318",1973,33,69,NA,86,3.04408666666667,54
"556","1973_83335",1973,47,75,NA,85,2.33235133333333,39
"557","1973_84583",1973,62,90,NA,106,2.62122,45
"558","1973_84779",1973,19,71,NA,86,3.73309266666667,68
"559","1973_84815",1973,54,84,NA,99,2.36173333333333,46
"560","1973_84864",1973,50,73,NA,88,1.70105066666667,39
"561","1973_85847",1973,54,82,NA,98,2.61471333333333,45
"562","1973_85857",1973,51,71,NA,85,1.71149666666667,35
"563","1973_85999",1973,61,89,NA,102,2.23258133333333,42
"564","1973_86113",1973,52,85,112,113,2.48167533333333,62
"565","1973_86152",1973,59,86,NA,100,2.34605866666667,42
"566","1973_86213",1973,48,78,NA,91,2.22328533333333,44
"567","1973_86953",1973,48,74,NA,86,2.32874533333333,39
"568","1973_87346",1973,28,63,NA,79,2.77981466666667,52
"569","1973_87521",1973,49,81,NA,92,2.41568133333333,44
"570","1973_87926",1973,59,94,NA,103,2.09264533333333,45
"571","1973_87965",1973,58,88,NA,103,2.198948,46
"572","1973_88336",1973,55,87,NA,113,3.167958,59
"573","1973_88487",1973,42,70,NA,84,2.2297,43
"574","1973_88548",1973,54,85,NA,97,2.55464533333333,44
"575","1973_88968",1973,48,74,NA,87,1.76040533333333,40
"576","1973_90342",1973,38,67,NA,84,2.55879866666667,47
"577","1973_90629",1973,48,78,NA,93,2.31985866666667,46
"578","1973_90757",1973,51,75,NA,91,2.34724,41
"579","1973_90867",1973,39,62,NA,74,2.28045333333333,36
"580","1973_90944",1973,39,66,NA,82,2.282156,44
"581","1973_91047",1973,71,98,NA,112,2.30168666666667,42
"582","1973_91061",1973,54,79,NA,94,2.275782,41
"583","1973_91201",1973,54,85,NA,99,2.341272,46
"584","1973_91223",1973,62,91,NA,112,2.92354466666667,51
"585","1973_91383",1973,48,84,NA,91,2.15735133333333,44
"586","1973_91426",1973,45,68,NA,82,2.322908,38
"587","1973_91573",1973,39,66,NA,79,1.53825333333333,41
"588","1973_91725",1973,43,69,NA,81,1.723668,39
"589","1973_91749",1973,58,83,NA,97,1.92890933333333,40
"590","1973_92413",1973,50,76,NA,95,2.23734666666667,46
"591","1973_92415",1973,56,87,NA,112,2.96331066666667,57
"592","1973_92457",1973,49,76,NA,91,2.51696466666667,43
"593","1973_92594",1973,51,81,NA,96,2.07513866666667,46
"594","1973_92685",1973,65,94,NA,111,2.64748666666667,47
"595","1973_92690",1973,48,69,NA,81,1.87863333333333,34
"596","1973_92746",1973,54,82,NA,97,2.25266466666667,44
"597","1973_92946",1973,52,85,NA,98,2.63997133333333,47
"598","1973_93314",1973,44,67,NA,79,1.743924,36
"599","1973_93333",1973,41,65,NA,75,1.68443,35
"600","1974_10561",1974,42,68,NA,79,1.71044133333333,38
"601","1974_10712",1974,52,82,NA,97,2.511912,46
"602","1974_10739",1974,39,60,NA,69,2.199422,31
"603","1974_12186",1974,39,67,NA,85,2.70904733333333,47
"604","1974_12959",1974,43,76,NA,89,2.37948533333333,47
"605","1974_13048",1974,56,91,NA,107,2.99201466666667,52
"606","1974_13354",1974,31,78,NA,94,3.51486,64
"607","1974_13450",1974,48,75,NA,92,2.20780066666667,45
"608","1974_1355",1974,42,68,NA,76,1.91856466666667,35
"609","1974_14067",1974,54,79,NA,88,2.12322866666667,35
"610","1974_14718",1974,33,64,NA,80,2.40213466666667,48
"611","1974_14780",1974,37,58,NA,73,1.68938533333333,37
"612","1974_15076",1974,49,75,NA,94,3.127924,46
"613","1974_15463",1974,45,72,NA,86,1.957812,42
"614","1974_15684",1974,40,67,NA,80,2.74740666666667,41
"615","1974_15887",1974,53,83,NA,102,2.402714,50
"616","1974_16078",1974,64,93,NA,104,1.93957,41
"617","1974_16270",1974,58,92,NA,100,2.20384,43
"618","1974_16432",1974,43,74,NA,92,2.85889866666667,50
"619","1974_16861",1974,40,69,NA,84,2.390224,45
"620","1974_16947",1974,49,74,NA,88,1.83027866666667,40
"621","1974_17454",1974,43,74,NA,84,1.961788,42
"622","1974_18069",1974,44,78,NA,88,2.46468666666667,45
"623","1974_25188",1974,44,71,NA,85,2.05282,42
"624","1974_26208",1974,46,78,NA,91,2.41925333333333,46
"625","1974_26947",1974,38,65,NA,77,2.44599866666667,40
"626","1974_27990",1974,44,71,NA,88,2.22309466666667,45
"627","1974_29732",1974,40,69,NA,82,2.299588,43
"628","1974_3008",1974,44,72,NA,90,2.73861066666667,47
"629","1974_32481",1974,48,75,NA,93,2.675466,46
"630","1974_32838",1974,40,67,NA,77,1.70786133333333,38
"631","1974_330",1974,53,82,NA,94,2.02274133333333,42
"632","1974_33446",1974,45,69,NA,82,2.095246,38
"633","1974_3403",1974,47,77,NA,92,2.21961533333333,46
"634","1974_3443",1974,46,84,NA,99,3.04834066666667,54
"635","1974_346",1974,61,92,NA,100,2.26601333333333,40
"636","1974_3552",1974,53,83,NA,98,2.260986,46
"637","1974_35558",1974,30,63,NA,84,3.10265133333333,55
"638","1974_35986",1974,39,72,NA,83,2.37509266666667,45
"639","1974_36024",1974,43,71,NA,81,1.83566266666667,39
"640","1974_36956",1974,58,90,NA,101,2.91088933333333,44
"641","1974_38694",1974,32,57,NA,68,2.02251333333333,37
"642","1974_3908",1974,41,79,NA,88,2.27685333333333,48
"643","1974_4029",1974,46,85,NA,96,3.07196933333333,51
"644","1974_40503",1974,44,74,NA,95,3.24731266666667,52
"645","1974_41302",1974,40,69,NA,78,2.18897933333333,39
"646","1974_4144",1974,44,82,NA,98,3.02619866666667,55
"647","1974_41452",1974,37,65,NA,77,2.173982,41
"648","1974_41985",1974,42,67,NA,87,2.13698666666667,46
"649","1974_4672",1974,42,74,NA,85,2.36457933333333,44
"650","1974_5462",1974,56,83,NA,98,2.60538,43
"651","1974_5635",1974,44,76,NA,88,1.99383733333333,45
"652","1974_6413",1974,52,87,NA,105,3.05585533333333,54
"653","1974_65",1974,47,74,NA,90,2.57127466666667,44
"654","1974_6568",1974,44,75,NA,92,2.656556,49
"655","1974_6838",1974,45,72,NA,92,2.57209333333333,48
"656","1974_7533",1974,46,77,NA,88,2.01961333333333,43
"657","1974_7754",1974,40,67,NA,80,2.19132133333333,41
"658","1974_7958",1974,41,69,NA,84,2.45820666666667,44
"659","1974_8092",1974,51,88,NA,98,2.486508,48
"660","1974_8189",1974,45,78,NA,93,2.84950133333333,49
"661","1974_8192",1974,47,74,NA,88,1.797684,42
"662","1974_8279",1974,50,77,NA,95,2.741734,46
"663","1974_8843",1974,50,78,NA,92,1.98259266666667,43
"664","1974_8954",1974,32,62,NA,79,3.228322,48
"665","1974_9524",1974,54,85,NA,97,2.06120933333333,44
"666","1974_95452",1974,57,94,NA,97,1.900488,41
"667","1974_9578",1974,51,87,NA,94,2.32928533333333,44
"668","1974_9585",1974,45,70,NA,90,2.13448333333333,46
"669","1974_96321",1974,50,79,NA,92,2.56578,43
"670","1974_96694",1974,40,68,NA,81,2.48839733333333,42
"671","1974_96910",1974,53,83,NA,94,2.38031933333333,42
"672","1974_97225",1974,57,93,NA,112,2.88263333333333,56
"673","1974_97581",1974,58,84,NA,101,2.53603533333333,44
"674","1974_97647",1974,43,69,NA,85,2.25073066666667,43
"675","1974_98141",1974,58,87,NA,104,2.72344133333333,47
"676","1974_98575",1974,55,84,NA,107,2.839702,53
"677","1974_98909",1974,55,87,NA,102,2.31536733333333,48
"678","1975_19009",1975,54,86,NA,95,1.90330933333333,42
"679","1975_19427",1975,41,72,NA,78,2.253492,38
"680","1975_19687",1975,71,96,NA,109,2.316458,39
"681","1975_19749",1975,53,84,NA,97,2.23905666666667,45
"682","1975_20249",1975,46,79,NA,89,2.07478933333333,44
"683","1975_20350",1975,30,50,NA,58,2.19901133333333,29
"684","1975_21306",1975,51,79,NA,93,2.35997133333333,43
"685","1975_22374",1975,48,75,NA,83,1.74009733333333,36
"686","1975_22498",1975,63,92,NA,107,2.60276533333333,45
"687","1975_22504",1975,61,91,NA,102,2.04413733333333,42
"688","1975_23509",1975,27,51,NA,63,2.36874266666667,37
"689","1975_23566",1975,39,72,NA,78,2.20288533333333,40
"690","1975_24771",1975,58,91,NA,96,1.641852,39
"691","1975_67863",1975,49,79,NA,97,2.654262,49
"692","1975_68134",1975,31,55,NA,64,2.00400666666667,34
"693","1975_70223",1975,48,81,NA,88,2.1037,41
"694","1975_71243",1975,50,77,NA,91,2.57025333333333,42
"695","1975_71363",1975,39,67,NA,75,1.48867333333333,37
"696","1975_71472",1975,60,83,NA,88,1.373172,29
"697","1975_71633",1975,39,62,NA,74,1.74672,36
"698","1975_71670",1975,64,90,NA,109,2.66431333333333,46
"699","1975_71750",1975,50,84,NA,96,1.90522733333333,47
"700","1975_72791",1975,48,75,NA,89,2.67727466666667,42
"701","1975_73453",1975,65,92,NA,103,2.08232466666667,39
"702","1975_73949",1975,34,61,NA,72,2.567382,39
"703","1975_74628",1975,53,80,NA,92,2.31998066666667,40
"704","1975_76456",1975,37,68,NA,77,1.81743933333333,41
"705","1975_76526",1975,41,70,NA,81,2.11326066666667,41
"706","1975_76847",1975,56,85,NA,101,2.85080666666667,46
"707","1975_77159",1975,57,83,NA,95,2.477594,39
"708","1975_77887",1975,47,75,NA,87,1.99470666666667,41
"709","1975_78306",1975,49,81,NA,99,2.90763266666667,51
"710","1975_78682",1975,33,60,NA,73,1.87830866666667,41
"711","1975_78857",1975,54,80,NA,96,1.94258266666667,43
"712","1975_79039",1975,47,78,NA,87,2.10763533333333,41
"713","1975_79923",1975,42,66,NA,81,2.03846866666667,40
"714","1975_80248",1975,52,79,NA,92,1.94027466666667,41
"715","1975_80754",1975,48,78,NA,93,2.50844,46
"716","1975_80875",1975,47,73,NA,87,1.99205333333333,41
"717","1975_81538",1975,44,79,NA,92,2.727134,49
"718","1975_81555",1975,38,61,NA,74,1.88101666666667,37
"719","1975_81650",1975,38,61,NA,72,1.51757333333333,35
"720","1975_81669",1975,42,67,NA,74,2.183446,33
"721","1975_82960",1975,46,76,NA,88,2.11450733333333,43
"722","1975_83150",1975,52,81,NA,95,2.27628866666667,44
"723","1975_83503",1975,58,87,NA,103,2.32963066666667,46
"724","1975_83912",1975,52,84,NA,98,2.92106,47
"725","1975_83989",1975,23,80,NA,90,3.69885533333333,68
"726","1975_84054",1975,51,80,NA,94,2.55780733333333,44
"727","1975_84526",1975,44,76,NA,88,2.26246866666667,45
"728","1975_86469",1975,35,64,NA,81,2.452082,47
"729","1975_86761",1975,40,63,NA,77,2.30433466666667,38
"730","1975_86775",1975,32,60,NA,70,1.75230133333333,39
"731","1975_87150",1975,47,79,NA,96,2.54627133333333,50
"732","1975_87338",1975,53,85,NA,96,2.26419866666667,44
"733","1975_87368",1975,60,92,NA,105,2.26997333333333,46
"734","1975_88142",1975,50,84,NA,94,2.45517533333333,45
"735","1975_89599",1975,55,78,NA,92,1.98369333333333,38
"736","1975_89606",1975,42,68,NA,78,2.261402,37
"737","1975_89876",1975,52,80,NA,95,2.3697,44
"738","1976_11710",1976,48,69,NA,75,1.261182,28
"739","1976_11882",1976,15,54,NA,71,2.57766066666667,57
"740","1976_12490",1976,53,78,NA,89,1.83772,37
"741","1976_13010",1976,34,60,NA,78,2.74735266666667,45
"742","1976_13012",1976,46,70,NA,81,2.13970066666667,36
"743","1976_14102",1976,49,75,91,96,2.12755666666667,48
"744","1976_16831",1976,43,68,NA,80,2.366746,38
"745","1976_22284",1976,47,70,NA,89,2.063574,43
"746","1976_22381",1976,37,58,NA,73,1.83698666666667,37
"747","1976_23937",1976,43,70,NA,87,2.22449333333333,45
"748","1976_24183",1976,39,69,NA,81,2.28545866666667,43
"749","1976_7517",1976,27,56,NA,72,2.820708,46
"750","1976_8037",1976,43,63,NA,77,1.86463066666667,35
"751","1976_8283",1976,37,68,NA,81,2.36623466666667,45
"752","1976_8391",1976,53,79,NA,90,1.952974,38
"753","1976_9566",1976,21,53,NA,61,2.448984,41
"754","1977_120119",1977,59,88,NA,103,2.12572933333333,45
"755","1977_121708",1977,62,89,NA,102,2.44046466666667,41
"756","1977_130948",1977,41,70,NA,87,3.174762,47
"757","1977_131478",1977,60,89,NA,96,1.921186,37
"758","1977_133463",1977,54,79,NA,95,2.08533933333333,42
"759","1977_137056",1977,53,79,NA,96,2.839932,44
"760","1979_140003",1979,40,77,NA,90,2.553912,51
"761","1979_140519",1979,57,93,NA,105,2.64399133333333,49
"762","1979_140784",1979,32,68,NA,82,2.40873466666667,51
"763","1979_141246",1979,43,64,NA,77,2.119536,35
"764","1979_141788",1979,52,74,NA,86,1.46863333333333,35
"765","1979_142023",1979,48,77,NA,92,2.22816266666667,45
"766","1979_142035",1979,44,66,NA,82,2.21241133333333,39
"767","1979_142088",1979,40,73,NA,88,2.51392666666667,49
"768","1979_142132",1979,57,81,NA,92,1.62837066666667,36
"769","1979_142586",1979,40,73,NA,85,2.328168,46
"770","1979_142714",1979,47,73,NA,84,1.9708,38
"771","1979_142741",1979,43,71,NA,92,2.595522,50
"772","1979_143373",1979,53,83,NA,88,1.83183333333333,36
"773","1979_143852",1979,43,62,NA,72,1.486482,30
"774","1979_144023",1979,49,87,118,124,4.12672066666667,76
"775","1979_144226",1979,48,70,NA,82,2.20827133333333,35
"776","1979_144434",1979,49,76,NA,86,1.71151333333333,38
"777","1979_145290",1979,51,85,NA,97,2.94273066666667,47
"778","1979_145508",1979,51,82,NA,95,2.37508133333333,45
"779","1979_145595",1979,35,59,NA,68,1.86881533333333,34
"780","1979_146018",1979,41,63,NA,78,1.86523466666667,38
"781","1979_147252",1979,32,58,NA,69,1.59511333333333,38
"782","1979_148116",1979,58,86,NA,99,2.48136533333333,42
"783","1979_148265",1979,58,87,NA,98,1.69812666666667,41
"784","1979_149295",1979,54,73,NA,81,1.31481933333333,28
"785","1979_149748",1979,54,86,NA,105,2.34026666666667,52
"786","1979_149933",1979,50,74,NA,85,2.42951466666667,36
"787","1979_150474",1979,56,84,NA,96,1.673428,41
"788","1979_151681",1979,27,51,NA,62,2.19328133333333,36
"789","1979_151880",1979,30,59,NA,74,2.626516,45
"790","1979_152814",1979,53,74,NA,87,1.81022466666667,35
"791","1979_153132",1979,41,71,NA,90,2.583486,50
"792","1979_153978",1979,46,74,NA,89,2.24073733333333,44
"793","1979_154579",1979,55,89,NA,101,2.31705466666667,47
"794","1979_154681",1979,42,68,NA,80,1.99078333333333,39
"795","1979_154731",1979,57,87,NA,100,1.984418,44
"796","1979_154957",1979,45,71,NA,83,1.97310733333333,39
"797","1979_155266",1979,31,62,NA,84,2.43590866666667,54
"798","1979_155480",1979,53,76,NA,92,2.48923933333333,40
"799","1979_156568",1979,44,70,NA,78,1.64194933333333,35
"800","1979_157212",1979,30,55,NA,68,2.017534,39
"801","1979_157415",1979,54,77,NA,93,1.854836,40
"802","1979_157843",1979,45,76,NA,87,2.14148333333333,43
"803","1979_157859",1979,26,57,NA,64,2.220984,39
"804","1979_158128",1979,33,59,NA,75,2.29729933333333,43
"805","1979_158159",1979,35,63,NA,72,1.99493866666667,38
"806","1979_158987",1979,58,88,NA,100,2.16308466666667,43
"807","1979_159061",1979,57,80,NA,95,1.74421066666667,39
"808","1979_159331",1979,44,82,NA,92,2.969888,49
"809","1979_159503",1979,39,64,NA,77,2.137846,39
"810","1979_161678",1979,49,77,NA,90,2.25483466666667,42
"811","1979_161698",1979,33,66,NA,75,2.300978,43
"812","1979_162772",1979,37,70,NA,87,2.510752,51
"813","1979_162789",1979,46,79,NA,92,2.108506,47
"814","1979_163334",1979,38,66,NA,77,2.54028666666667,40
"815","1979_163712",1979,56,86,NA,101,2.826974,46
"816","1979_163976",1979,63,89,NA,100,2.48037,38
"817","1979_164429",1979,58,85,NA,98,2.120208,41
"818","1979_164950",1979,36,65,NA,78,2.53430066666667,43
"819","1979_166922",1979,46,74,NA,91,2.25277333333333,46
"820","1979_169480",1979,52,83,NA,95,2.16312266666667,44
"821","1979_169552",1979,48,77,NA,93,2.249596,46
"822","1979_169664",1979,30,55,NA,69,2.18148533333333,40
"823","1979_170398",1979,48,74,NA,86,2.56460266666667,39
"824","1979_170887",1979,48,84,NA,96,2.58180533333333,49
"825","1979_171261",1979,54,80,NA,97,2.12370466666667,44
"826","1979_171839",1979,39,63,NA,75,2.01189733333333,37
"827","1979_172125",1979,50,83,NA,92,2.32266066666667,43
"828","1979_173265",1979,59,84,NA,95,1.931136,37
"829","1979_173538",1979,52,85,NA,98,2.19710333333333,47
"830","1979_173547",1979,48,76,NA,87,1.98318066666667,40
"831","1979_173799",1979,53,83,NA,87,1.64171,35
"832","1979_174359",1979,49,80,NA,96,2.558426,48
"833","1979_174478",1979,26,55,NA,65,2.02867133333333,40
"834","1979_175508",1979,42,72,NA,82,2.18943866666667,41
"835","1979_175569",1979,41,79,NA,93,2.31676933333333,53
"836","1979_175890",1979,50,75,NA,86,1.971482,37
"837","1979_175944",1979,34,59,NA,69,1.64721133333333,36
"838","1979_176468",1979,44,76,NA,91,2.59127266666667,48
"839","1979_176636",1979,37,61,NA,77,2.33500533333333,41
"840","1979_176824",1979,52,83,NA,93,2.69242866666667,42
"841","1979_176936",1979,49,75,NA,94,2.42122666666667,46
"842","1979_177283",1979,44,69,NA,75,1.91914733333333,32
"843","1979_177311",1979,41,66,NA,80,1.808768,40
"844","1979_177525",1979,47,78,NA,90,2.48326733333333,44
"845","1979_177545",1979,37,58,NA,68,2.051952,32
"846","1979_177562",1979,37,68,NA,79,2.668068,43
"847","1979_177575",1979,39,73,NA,88,2.844684,50
"848","1979_177989",1979,43,70,NA,86,2.561726,44
"849","1979_178226",1979,51,83,NA,99,2.39908333333333,49
"850","1979_178455",1979,44,70,NA,82,1.91575733333333,39
"851","1979_178694",1979,38,65,NA,74,2.07250133333333,37
"852","1979_178696",1979,51,79,NA,84,2.07041066666667,34
"853","1979_178883",1979,53,76,NA,89,2.224218,37
"854","1979_179769",1979,45,73,NA,95,2.91171866666667,51
"855","1979_180026",1979,53,84,NA,95,2.50584533333333,43
"856","1979_180491",1979,55,84,NA,97,2.24334266666667,43
"857","1979_180930",1979,43,65,NA,72,1.65892066666667,30
"858","1979_181505",1979,45,67,NA,80,1.555186,36
"859","1979_181586",1979,55,84,NA,96,2.215776,42
"860","1979_182065",1979,59,86,NA,100,2.04394,42
"861","1979_182135",1979,56,86,NA,103,2.563172,48
"862","1979_182451",1979,55,89,NA,100,2.51859533333333,46
"863","1979_182748",1979,46,72,NA,88,2.51438866666667,43
"864","1979_183358",1979,33,69,NA,79,2.21147933333333,47
"865","1979_183886",1979,65,88,NA,97,1.32314066666667,33
"866","1979_184348",1979,62,99,NA,118,3.314092,57
"867","1979_184660",1979,34,73,NA,82,2.460346,49
"868","1979_184730",1979,34,57,NA,67,1.64838333333333,34
"869","1979_184853",1979,60,85,NA,96,2.26106466666667,37
"870","1979_184870",1979,58,80,NA,87,1.43799333333333,30
"871","1979_184891",1979,41,69,NA,88,2.539328,48
"872","1979_185019",1979,67,92,NA,105,2.20140666666667,39
"873","1979_185388",1979,59,80,NA,96,1.53576066666667,38
"874","1979_186094",1979,46,81,NA,92,2.36124133333333,47
"875","1979_186145",1979,57,80,NA,87,1.58384066666667,31
"876","1979_186286",1979,66,93,NA,104,1.94138666666667,39
"877","1979_186368",1979,45,70,NA,80,1.68014066666667,36
"878","1979_187084",1979,44,71,NA,83,2.00970266666667,40
"879","1979_187183",1979,66,93,NA,106,2.443658,41
"880","1979_187322",1979,44,70,NA,85,1.91883133333333,42
"881","1979_187424",1979,54,92,NA,101,2.46998666666667,48
"882","1979_187860",1979,48,73,NA,89,2.27027266666667,42
"883","1979_188558",1979,64,86,NA,104,2.50752333333333,41
"884","1979_189797",1979,37,73,NA,88,2.697742,52
"885","1979_189952",1979,62,82,NA,93,1.58912333333333,32
"886","1979_190053",1979,37,61,NA,76,2.20823533333333,40
"887","1979_190455",1979,29,56,NA,69,2.292268,41
"888","1979_190694",1979,51,73,NA,87,1.66176466666667,37
"889","1979_191087",1979,55,84,NA,99,2.30580933333333,45
"890","1979_191119",1979,66,96,NA,105,2.27314,40
"891","1979_191480",1979,55,83,NA,94,2.51590466666667,40
"892","1979_191496",1979,36,59,NA,70,1.87412066666667,35
"893","1979_191792",1979,57,83,NA,92,1.719994,36
"894","1979_192131",1979,50,78,NA,91,2.37310933333333,42
"895","1979_192179",1979,67,99,NA,102,1.65464866666667,36
"896","1979_192348",1979,57,82,NA,93,2.04992733333333,37
"897","1979_192396",1979,57,86,NA,98,2.416722,42
"898","1979_193050",1979,70,96,NA,107,1.90665333333333,38
"899","1979_193263",1979,40,70,NA,81,1.798672,42
"900","1979_193567",1979,44,66,NA,76,1.821818,33
"901","1979_193682",1979,56,85,NA,95,2.39457666666667,40
"902","1979_194110",1979,62,87,NA,106,2.59621466666667,45
"903","1979_194230",1979,40,70,NA,79,2.07403,40
"904","1979_194287",1979,68,96,NA,105,2.08153333333333,38
"905","1979_194690",1979,51,80,NA,95,1.72480666666667,45
"906","1979_195499",1979,39,72,NA,83,2.34219866666667,45
"907","1979_196322",1979,53,76,NA,90,2.11674733333333,38
"908","1979_197002",1979,59,90,NA,99,2.07607133333333,41
"909","1979_197986",1979,56,81,NA,98,2.158922,43
"910","1979_198056",1979,57,81,NA,90,1.72945,34
"911","1979_198454",1979,45,71,NA,80,2.06156533333333,36
"912","1979_199414",1979,50,79,NA,97,2.62517133333333,48
"913","1979_199433",1979,57,79,NA,89,1.79099666666667,33
"914","1979_199548",1979,43,72,NA,83,2.34076,41
"915","1979_199557",1979,45,79,NA,96,2.93475733333333,52
"916","1980_200079",1980,30,57,NA,71,2.16871866666667,42
"917","1980_200400",1980,47,72,NA,85,2.72056933333333,39
"918","1980_203517",1980,46,75,NA,92,2.70773733333333,47
"919","1980_204427",1980,48,71,NA,79,1.47022333333333,32
"920","1980_205896",1980,42,78,NA,99,2.925692,58
"921","1980_215694",1980,52,75,NA,94,2.5531,43
"922","1980_216089",1980,45,73,NA,96,2.65512666666667,52
"923","1980_217681",1980,38,62,NA,74,2.22048666666667,37
"924","1980_218912",1980,44,71,NA,89,2.48773,46
"925","1980_219098",1980,32,58,NA,74,2.231778,43
"926","1980_219127",1980,48,77,NA,88,2.21814133333333,41
"927","1980_222391",1980,43,70,NA,83,1.78477066666667,41
"928","1980_222496",1980,43,69,NA,89,2.45157333333333,47
"929","1980_224820",1980,35,65,NA,80,2.29148266666667,46
"930","1980_226180",1980,38,59,NA,70,1.79731466666667,33
"931","1980_229122",1980,41,66,NA,75,1.73903333333333,35
"932","1980_233730",1980,38,65,92,95,3.512806,58
"933","1980_237397",1980,50,79,NA,82,1.731212,33
"934","1980_241354",1980,38,68,NA,77,1.72058733333333,40
"935","1980_243071",1980,47,78,NA,93,2.522278,47
"936","1980_245695",1980,42,70,NA,87,2.37729066666667,46
"937","1980_249782",1980,33,59,NA,76,2.14122933333333,44
"938","1981_251839",1981,30,53,NA,62,1.69417866666667,33
"939","1981_253348",1981,25,47,NA,55,1.33251733333333,31
"940","1981_255289",1981,41,66,NA,77,1.87261133333333,37
"941","1981_258359",1981,54,78,NA,91,1.681124,38
"942","1981_260198",1981,53,84,NA,94,1.88458066666667,42
"943","1981_261330",1981,51,76,NA,88,2.06678066666667,38
"944","1981_264860",1981,31,62,NA,73,2.22784866666667,43
"945","1981_265083",1981,57,87,NA,95,2.15795133333333,39
"946","1981_266335",1981,49,75,NA,82,1.45389666666667,34
"947","1981_267898",1981,49,85,NA,100,2.88689266666667,52
"948","1981_269804",1981,59,84,NA,95,2.16942666666667,37
"949","1981_269891",1981,50,78,NA,91,2.07470466666667,42
"950","1981_272965",1981,34,78,NA,91,3.51942733333333,58
"951","1981_275921",1981,46,76,NA,89,2.2732,44
"952","1981_276521",1981,35,62,NA,71,1.81196,37
"953","1981_276782",1981,40,63,NA,79,2.27213133333333,40
"954","1981_280703",1981,38,70,NA,75,2.03098466666667,38
"955","1981_281117",1981,38,66,NA,76,2.08958333333333,39
"956","1981_281173",1981,55,80,NA,98,2.23127666666667,44
"957","1981_281805",1981,72,104,NA,112,2.09292533333333,41
"958","1981_282311",1981,36,68,NA,81,2.39984733333333,46
"959","1981_284392",1981,48,76,NA,87,1.93831,40
"960","1981_284460",1981,63,89,NA,100,1.88711733333333,38
"961","1981_284543",1981,57,77,NA,90,1.845046,34
"962","1981_284884",1981,51,81,NA,92,2.32011466666667,42
"963","1981_286613",1981,56,77,NA,99,2.11239933333333,44
"964","1981_287512",1981,51,75,NA,88,1.82852533333333,38
"965","1981_288105",1981,55,79,NA,92,1.73239533333333,38
"966","1981_289521",1981,57,83,NA,100,2.30432666666667,44
"967","1981_290436",1981,54,85,NA,99,2.42800666666667,46
"968","1981_294920",1981,52,76,NA,91,2.37405066666667,40
"969","1981_296652",1981,53,75,NA,81,1.172934,29
"970","1982_13873",1982,41,71,NA,82,2.23996733333333,42
"971","1982_18099",1982,53,82,NA,95,2.37821333333333,43
"972","1982_19387",1982,41,70,NA,82,1.99926266666667,42
"973","1982_25432",1982,54,79,NA,94,2.15193,41
"974","1982_28573",1982,54,81,NA,97,2.190148,44
"975","1982_29673",1982,52,76,NA,90,2.37182333333333,39
"976","1982_33767",1982,50,71,NA,85,1.84769066666667,36
"977","1982_34786",1982,41,66,NA,78,1.82623333333333,38
"978","1982_36913",1982,29,54,NA,68,2.33159066666667,40
"979","1982_40929",1982,52,79,NA,94,1.99572666666667,43
"980","1982_43759",1982,45,70,NA,82,1.535766,38
"981","1982_45596",1982,24,57,NA,70,1.98892866666667,47
"982","1982_7142",1982,47,69,NA,78,1.3089,32
"983","1983_50023",1983,43,68,NA,85,2.06147333333333,43
"984","1983_50861",1983,38,71,NA,84,2.806194,47
"985","1983_53055",1983,39,62,NA,74,1.75617333333333,36
"986","1983_53089",1983,30,52,NA,66,1.93287933333333,37
"987","1983_53712",1983,34,60,NA,69,1.54867466666667,36
"988","1983_53737",1983,30,67,NA,83,2.69427,54
"989","1983_58515",1983,37,67,NA,88,2.43488933333333,52
"990","1983_59592",1983,35,57,NA,72,1.775856,38
"991","1983_63861",1983,48,75,NA,88,2.00937466666667,41
"992","1983_64148",1983,46,76,NA,91,2.62349533333333,46
"993","1983_64981",1983,39,64,NA,81,2.24800533333333,43
"994","1983_66042",1983,45,63,86,98,2.47424866666667,54
"995","1983_67082",1983,56,76,NA,93,2.27000666666667,38
"996","1983_67347",1983,42,74,NA,86,2.213962,45
"997","1983_68013",1983,41,66,NA,84,2.14755733333333,44
"998","1983_68114",1983,44,66,NA,78,1.32471066666667,35
"999","1983_68779",1983,47,77,NA,94,2.83690666666667,48
"1000","1983_68953",1983,40,71,NA,94,2.86708666666667,55
"1001","1983_69465",1983,41,71,NA,85,2.0631,45
"1002","1983_71232",1983,49,71,NA,88,2.28963466666667,40
"1003","1983_72783",1983,34,70,NA,83,2.33267866666667,50
"1004","1983_72785",1983,49,76,NA,93,2.30506666666667,45
"1005","1983_77562",1983,54,74,NA,92,1.965272,39
"1006","1983_78001",1983,38,66,NA,83,2.419624,46
"1007","1983_80732",1983,39,60,NA,76,1.90644466666667,38
"1008","1983_81439",1983,33,53,NA,62,1.89324466666667,30
"1009","1983_83521",1983,48,79,100,107,2.77730666666667,60
"1010","1983_88358",1983,44,74,NA,88,2.43882866666667,45
"1011","1983_93026",1983,36,66,NA,76,2.37046466666667,41
"1012","1983_95914",1983,48,69,NA,80,1.60836066666667,33
"1013","1984_10138",1984,45,68,NA,83,2.24662266666667,39
"1014","1984_12466",1984,32,62,NA,76,2.15494866666667,45
"1015","1984_13638",1984,35,63,NA,82,2.48887466666667,48
"1016","1984_14212",1984,37,64,NA,78,2.00834466666667,42
"1017","1984_14541",1984,45,73,NA,87,1.93740666666667,43
"1018","1984_14803",1984,52,83,NA,99,2.45363333333333,48
"1019","1984_15784",1984,48,76,NA,94,2.552552,47
"1020","1984_15806",1984,38,66,NA,79,2.19751333333333,42
"1021","1984_16068",1984,40,69,NA,81,2.34696266666667,42
"1022","1984_16488",1984,45,70,NA,83,2.03736,39
"1023","1984_1800",1984,49,80,NA,92,2.25188133333333,44
"1024","1984_18779",1984,43,75,NA,90,2.55150666666667,48
"1025","1984_20052",1984,38,65,NA,80,2.43564066666667,43
"1026","1984_20445",1984,34,65,NA,83,2.791406,50
"1027","1984_21732",1984,49,70,NA,89,2.15890333333333,41
"1028","1984_22232",1984,35,56,NA,69,1.85038333333333,35
"1029","1984_23827",1984,51,72,NA,89,1.8979,39
"1030","1984_25377",1984,33,57,NA,71,1.907358,39
"1031","1984_28091",1984,40,68,NA,81,1.85561666666667,42
"1032","1984_28454",1984,31,65,NA,87,2.75003466666667,57
"1033","1984_28483",1984,47,72,NA,93,2.55027533333333,47
"1034","1984_31612",1984,33,62,NA,81,2.604924,49
"1035","1984_32407",1984,38,71,NA,89,2.33826,52
"1036","1984_32719",1984,39,67,NA,78,1.800246,40
"1037","1984_37407",1984,33,66,NA,82,2.477824,50
"1038","1984_38358",1984,33,64,NA,87,2.80177533333333,55
"1039","1984_4082",1984,38,67,NA,82,2.41267933333333,45
"1040","1984_41465",1984,43,74,NA,93,2.800678,51
"1041","1984_43389",1984,44,73,NA,88,2.462416,45
"1042","1984_44355",1984,36,62,NA,77,2.48664333333333,42
"1043","1984_45358",1984,45,75,NA,93,2.57382266666667,49
"1044","1984_46076",1984,57,81,NA,101,2.22088533333333,45
"1045","1984_48096",1984,48,73,NA,89,2.25458666666667,42
"1046","1984_50588",1984,41,64,NA,79,2.19230933333333,39
"1047","1984_51508",1984,38,67,NA,83,2.637084,46
"1048","1984_52786",1984,33,63,NA,77,2.28713133333333,45
"1049","1984_53165",1984,37,65,NA,81,2.29834066666667,45
"1050","1984_5450",1984,47,79,NA,95,2.81586533333333,49
"1051","1984_55816",1984,32,58,NA,77,2.205834,46
"1052","1984_56320",1984,42,69,NA,81,1.87409266666667,40
"1053","1984_56951",1984,48,82,NA,96,2.55422866666667,49
"1054","1984_57044",1984,41,61,NA,80,2.71962,40
"1055","1984_5922",1984,39,65,NA,80,2.34201666666667,42
"1056","1984_60268",1984,29,54,NA,72,1.88198,44
"1057","1984_61533",1984,40,66,NA,79,2.18975666666667,40
"1058","1984_68881",1984,35,60,NA,80,2.65525466666667,46
"1059","1984_69134",1984,39,66,NA,89,2.59316733333333,51
"1060","1984_69509",1984,35,62,NA,80,2.315034,46
"1061","1984_7776",1984,41,76,NA,90,2.708484,50
"1062","1984_79064",1984,38,62,NA,76,2.46676133333333,39
"1063","1984_80923",1984,30,55,NA,67,1.50617066666667,38
"1064","1984_81928",1984,42,76,NA,95,3.163014,54
"1065","1984_82438",1984,33,60,NA,79,2.26005666666667,47
"1066","1984_85283",1984,38,66,NA,80,1.85769133333333,43
"1067","1984_86971",1984,36,65,NA,80,2.14342733333333,45
"1068","1984_8720",1984,35,58,NA,66,1.63409666666667,32
"1069","1984_87946",1984,41,71,NA,94,2.89355933333333,54
"1070","1984_8888",1984,39,61,NA,82,2.39686533333333,44
"1071","1984_89993",1984,35,64,NA,79,1.87406266666667,45
"1072","1984_9",1984,38,64,NA,79,2.55965066666667,42
"1073","1984_91254",1984,34,62,NA,77,2.417872,44
"1074","1984_93160",1984,40,70,NA,86,2.270018,47
"1075","1984_97804",1984,41,66,NA,81,2.01792,41
"1076","1985_103655",1985,44,75,NA,90,2.329992,47
"1077","1985_105589",1985,47,75,NA,92,2.63983133333333,46
"1078","1985_106051",1985,44,59,NA,72,1.86533,29
"1079","1985_106273",1985,47,73,NA,88,2.31826533333333,42
"1080","1985_106651",1985,38,66,NA,80,2.43668666666667,43
"1081","1985_113858",1985,42,70,NA,83,2.36643,42
"1082","1985_115859",1985,33,62,NA,81,2.45670266666667,49
"1083","1985_122115",1985,38,70,NA,85,2.07040533333333,48
"1084","1985_122290",1985,43,75,NA,88,2.74692133333333,46
"1085","1985_123589",1985,47,72,NA,87,2.44410066666667,41
"1086","1985_125137",1985,39,72,NA,94,2.72738866666667,56
"1087","1985_126152",1985,43,72,NA,89,2.531136,47
"1088","1985_128202",1985,37,64,NA,79,2.00446933333333,43
"1089","1985_128876",1985,41,78,NA,92,2.94161866666667,52
"1090","1985_129272",1985,36,59,NA,79,2.30472333333333,44
"1091","1985_132248",1985,46,77,NA,91,2.42073266666667,46
"1092","1985_133755",1985,40,69,NA,87,2.64626933333333,48
"1093","1985_134450",1985,39,68,NA,84,2.55045466666667,46
"1094","1985_142622",1985,45,69,NA,87,2.41208733333333,43
"1095","1985_143708",1985,31,54,NA,68,1.98919466666667,38
"1096","1985_148149",1985,41,75,NA,90,2.84974,50
"1097","1985_150944",1985,49,81,NA,88,1.939,40
"1098","1985_158418",1985,42,71,NA,87,2.42928266666667,46
"1099","1985_163797",1985,34,59,NA,73,2.187926,40
"1100","1985_167065",1985,35,59,NA,76,1.770688,42
"1101","1985_167367",1985,36,60,NA,71,1.79336066666667,36
"1102","1985_169249",1985,35,64,NA,81,2.23651333333333,47
"1103","1985_171475",1985,35,67,NA,81,2.561496,47
"1104","1985_171865",1985,36,63,NA,78,2.207744,43
"1105","1985_174034",1985,49,72,NA,86,2.27974666666667,38
"1106","1985_175910",1985,33,55,NA,70,2.11057666666667,38
"1107","1985_176428",1985,43,72,NA,86,1.99329933333333,44
"1108","1985_177928",1985,36,61,NA,77,1.96446666666667,42
"1109","1985_179218",1985,40,72,NA,85,2.305386,46
"1110","1985_179503",1985,36,67,NA,80,2.013044,45
"1111","1985_180279",1985,26,53,NA,69,2.195026,44
"1112","1985_181109",1985,33,66,NA,79,2.48452266666667,47
"1113","1985_183711",1985,44,82,NA,97,3.037076,54
"1114","1985_186295",1985,46,74,NA,89,2.45119333333333,44
"1115","1985_187092",1985,33,62,NA,78,2.51265133333333,46
"1116","1985_188203",1985,41,72,NA,89,3.09432666666667,49
"1117","1985_188749",1985,38,64,NA,77,2.26333733333333,40
"1118","1985_188895",1985,33,65,NA,79,2.56065066666667,47
"1119","1985_189590",1985,42,65,NA,83,2.20751133333333,42
"1120","1985_189898",1985,44,75,NA,92,3.0617,49
"1121","1985_191890",1985,41,67,NA,83,2.367942,43
"1122","1985_192374",1985,32,55,NA,72,2.24164133333333,41
"1123","1985_196145",1985,40,66,NA,81,2.35092466666667,42
"1124","1985_197909",1985,43,75,NA,91,2.43028666666667,49
"1125","1985_198687",1985,47,78,NA,93,2.74736066666667,47
"1126","1985_198793",1985,38,66,NA,81,2.189076,44
"1127","1985_199786",1985,40,73,NA,91,3.056544,52
"1128","1986_306403",1986,34,62,NA,79,2.43251066666667,46
"1129","1986_306477",1986,47,78,NA,92,2.59920333333333,46
"1130","1986_312379",1986,35,64,NA,77,2.20281466666667,43
"1131","1986_316061",1986,38,65,NA,81,1.952052,44
"1132","1986_318578",1986,38,71,NA,87,2.88501,50
"1133","1986_318863",1986,41,72,NA,89,2.43242933333333,49
"1134","1986_319838",1986,38,63,NA,82,2.44470533333333,45
"1135","1986_320350",1986,42,72,NA,91,2.78658733333333,50
"1136","1986_320409",1986,44,71,NA,84,1.92267333333333,41
"1137","1986_320848",1986,36,57,NA,73,1.95921666666667,38
"1138","1986_323031",1986,42,71,NA,80,2.077026,39
"1139","1986_323322",1986,43,70,NA,90,2.99832,48
"1140","1986_325514",1986,38,66,87,97,3.12544266666667,60
"1141","1986_326885",1986,40,70,NA,87,2.60644666666667,48
"1142","1986_327952",1986,47,76,NA,89,2.607824,43
"1143","1986_328947",1986,26,51,NA,68,2.372128,43
"1144","1986_329307",1986,42,70,NA,87,2.70094333333333,46
"1145","1986_329438",1986,38,66,NA,80,1.951816,43
"1146","1986_329626",1986,34,67,NA,86,2.92861333333333,53
"1147","1986_333109",1986,45,76,NA,91,2.67005666666667,47
"1148","1986_333482",1986,41,76,NA,91,2.63714733333333,51
"1149","1986_333545",1986,43,73,NA,85,2.05230066666667,43
"1150","1986_334980",1986,32,57,NA,73,2.297648,42
"1151","1986_336445",1986,38,70,NA,81,2.250498,44
"1152","1986_337549",1986,39,74,NA,87,2.49289666666667,49
"1153","1986_341915",1986,42,72,NA,92,2.668198,51
"1154","1986_342842",1986,45,76,NA,90,2.54991666666667,46
"1155","1986_344027",1986,40,65,NA,75,1.97641466666667,36
"1156","1986_344110",1986,40,71,NA,86,2.600286,47
"1157","1986_345258",1986,37,73,NA,81,2.232468,45
"1158","1986_345955",1986,43,68,NA,84,2.043312,42
"1159","1986_346811",1986,37,67,NA,83,2.50629333333333,47
"1160","1986_346992",1986,32,57,NA,71,1.99480266666667,40
"1161","1986_347419",1986,40,66,NA,84,2.08786133333333,45
"1162","1986_347538",1986,36,65,NA,79,2.504854,44
"1163","1986_347578",1986,45,70,NA,87,2.29029666666667,43
"1164","1986_348827",1986,37,74,NA,86,2.35697066666667,50
"1165","1986_349627",1986,42,72,NA,83,2.142476,42
"1166","1986_350246",1986,35,68,NA,83,2.83976866666667,49
"1167","1986_352578",1986,38,71,NA,83,2.35830933333333,46
"1168","1986_353271",1986,39,66,NA,79,2.53383266666667,41
"1169","1986_355348",1986,42,71,NA,87,2.55868066666667,46
"1170","1986_357390",1986,33,67,NA,83,2.559544,51
"1171","1986_359080",1986,38,61,NA,79,1.812724,42
"1172","1986_360296",1986,42,74,NA,87,2.30217933333333,46
"1173","1986_361976",1986,27,54,NA,70,2.52802533333333,44
"1174","1986_362041",1986,35,68,NA,80,2.37119866666667,46
"1175","1986_362125",1986,42,67,NA,81,1.93950866666667,40
"1176","1986_363490",1986,30,57,NA,73,2.65122,44
"1177","1986_363986",1986,43,77,NA,89,2.73927533333333,47
"1178","1986_364586",1986,38,62,NA,80,2.12626333333333,43
"1179","1986_365808",1986,43,70,NA,83,1.84773333333333,41
"1180","1986_365824",1986,36,64,NA,81,2.53252266666667,46
"1181","1986_365980",1986,30,60,NA,77,2.877314,48
"1182","1986_366022",1986,34,72,NA,87,2.97047866666667,54
"1183","1986_367962",1986,42,76,NA,86,2.63560466666667,45
"1184","1986_370620",1986,41,74,NA,86,2.678298,46
"1185","1986_370771",1986,29,58,80,94,3.03371466666667,66
"1186","1986_371105",1986,40,69,NA,84,2.44424333333333,45
"1187","1986_371114",1986,41,74,NA,84,2.05114,44
"1188","1986_371689",1986,41,74,NA,84,2.05114,44
"1189","1986_372418",1986,37,69,NA,82,2.26141266666667,46
"1190","1986_373288",1986,46,71,NA,83,2.02253333333333,38
"1191","1986_375954",1986,43,73,NA,89,2.69477866666667,47
"1192","1986_376170",1986,36,72,NA,84,2.87119733333333,49
"1193","1986_376720",1986,45,72,NA,90,2.23810466666667,46
"1194","1986_378291",1986,46,73,NA,90,2.07075533333333,45
"1195","1986_378810",1986,34,67,89,98,3.285258,65
"1196","1986_379632",1986,39,66,NA,87,2.383852,49
"1197","1986_379719",1986,42,76,NA,91,2.38417,50
"1198","1986_379853",1986,46,75,NA,86,2.020636,41
"1199","1986_380235",1986,44,67,93,98,2.92861266666667,55
"1200","1986_380920",1986,50,74,NA,88,2.039318,39
"1201","1986_381708",1986,37,67,NA,77,1.938562,41
"1202","1986_382939",1986,33,60,NA,79,2.47717666666667,47
"1203","1986_383311",1986,40,76,NA,97,3.28297333333333,58
"1204","1986_383531",1986,24,56,NA,70,2.71322333333333,47
"1205","1986_383912",1986,41,66,NA,78,2.18179866666667,38
"1206","1986_385026",1986,29,72,NA,87,3.20890866666667,59
"1207","1986_386875",1986,39,76,NA,94,3.12357533333333,56
"1208","1986_388802",1986,47,74,NA,88,2.59922666666667,42
"1209","1986_392372",1986,45,76,NA,85,2.00127466666667,41
"1210","1986_393478",1986,30,66,NA,78,2.67038933333333,49
"1211","1986_393749",1986,48,78,NA,93,2.54137,46
"1212","1986_394392",1986,38,72,NA,87,2.68481933333333,50
"1213","1986_394575",1986,34,63,NA,78,2.106992,45
"1214","1986_395404",1986,33,67,NA,82,2.77432533333333,50
"1215","1986_395914",1986,28,66,NA,87,3.35498666666667,60
"1216","1986_396257",1986,31,59,NA,70,2.146176,40
"1217","1986_396669",1986,43,68,NA,79,1.89184666666667,37
"1218","1986_397192",1986,35,65,NA,84,3.23626933333333,50
"1219","1986_397479",1986,45,68,NA,87,2.52381133333333,43
"1220","1986_398135",1986,34,60,NA,72,1.81288333333333,39
"1221","1986_398598",1986,48,77,NA,98,2.91448,51
"1222","1986_399323",1986,42,71,NA,87,1.95210666666667,46
"1223","1987_451425",1987,30,61,NA,82,2.3977,53
"1224","1987_452330",1987,41,73,NA,87,2.298722,47
"1225","1987_452383",1987,42,69,NA,81,1.86724066666667,40
"1226","1987_452951",1987,42,65,NA,77,1.66457,36
"1227","1987_457860",1987,37,71,NA,88,2.66268933333333,52
"1228","1987_462609",1987,42,69,NA,87,2.34178733333333,46
"1229","1987_466029",1987,30,83,NA,97,3.39349333333333,68
"1230","1987_470483",1987,27,56,NA,71,2.46844333333333,45
"1231","1987_471995",1987,41,73,NA,86,2.406656,46
"1232","1987_473307",1987,35,60,NA,74,2.01776333333333,40
"1233","1987_473937",1987,38,69,NA,84,2.47739733333333,47
"1234","1987_477177",1987,32,63,NA,79,2.37023666666667,48
"1235","1987_479290",1987,31,61,NA,79,2.32046666666667,49
"1236","1987_480556",1987,40,66,NA,84,2.13455466666667,45
"1237","1987_482159",1987,38,67,NA,83,2.47443533333333,46
"1238","1987_490542",1987,42,73,NA,89,2.98642333333333,48
"1239","1987_493935",1987,30,65,NA,79,1.938284,50
"1240","1987_494066",1987,30,62,NA,81,2.60648666666667,52
"1241","1987_494120",1987,30,64,NA,76,2.63236933333333,47
"1242","1987_496729",1987,32,60,NA,72,1.89954666666667,41
"1243","1987_499162",1987,27,54,NA,68,2.04444133333333,42
"1244","1987_499932",1987,39,65,NA,80,2.136496,42
"1245","1987_501657",1987,44,66,NA,84,2.12717266666667,41
"1246","1987_505002",1987,41,64,NA,76,1.737954,36
"1247","1987_505438",1987,39,67,NA,80,2.21610266666667,42
"1248","1987_506507",1987,42,72,NA,86,2.3968,45
"1249","1987_508738",1987,46,71,NA,87,2.49478666666667,42
"1250","1987_509237",1987,37,66,NA,81,2.22825533333333,45
"1251","1987_509350",1987,43,72,NA,87,2.559188,45
"1252","1987_511374",1987,24,62,NA,82,3.51076533333333,59
"1253","1987_511600",1987,44,74,NA,89,2.181004,46
"1254","1987_512081",1987,41,72,NA,83,2.33130533333333,43
"1255","1987_512316",1987,45,70,NA,85,2.057578,41
"1256","1987_513815",1987,36,69,NA,83,2.43630933333333,48
"1257","1987_515947",1987,41,70,NA,92,2.95131,52
"1258","1987_518786",1987,47,72,NA,89,2.279884,43
"1259","1987_520857",1987,40,69,NA,80,1.81053066666667,41
"1260","1987_522786",1987,48,79,NA,92,2.45458533333333,45
"1261","1987_526188",1987,38,69,NA,88,2.20040666666667,51
"1262","1987_539678",1987,27,60,NA,80,2.767024,54
"1263","1987_541262",1987,40,64,NA,79,1.8871,40
"1264","1987_541583",1987,38,68,NA,84,2.13897,47
"1265","1987_543023",1987,40,71,NA,88,2.66160066666667,49
"1266","1987_543863",1987,40,71,NA,90,2.412648,51
"1267","1987_545708",1987,45,73,NA,92,2.73920666666667,48
"1268","1987_547056",1987,37,65,NA,81,2.31472,45
"1269","1987_547228",1987,34,67,NA,80,2.17334,47
"1270","1988_600234",1988,31,60,NA,70,2.29730666666667,40
"1271","1988_600727",1988,42,58,NA,77,1.62506733333333,36
"1272","1988_602276",1988,30,56,NA,69,2.280126,40
"1273","1988_602487",1988,41,71,NA,88,2.09783666666667,48
"1274","1988_602542",1988,40,68,NA,83,2.20155133333333,44
"1275","1988_603368",1988,27,59,NA,75,2.31090266666667,49
"1276","1988_604439",1988,47,69,NA,88,2.36697,42
"1277","1988_606509",1988,36,68,NA,89,2.957968,54
"1278","1988_607109",1988,40,72,NA,85,2.42157133333333,46
"1279","1988_610216",1988,41,75,NA,89,2.65886,49
"1280","1988_622794",1988,43,72,NA,84,2.47229133333333,42
"1281","1988_623681",1988,38,69,NA,85,2.402958,48
"1282","1988_625215",1988,45,71,NA,89,2.59185266666667,45
"1283","1988_625612",1988,42,73,NA,91,3.02259666666667,50
"1284","1988_626595",1988,31,56,NA,73,2.07862333333333,43
"1285","1988_627163",1988,48,80,NA,93,2.64704666666667,46
"1286","1988_627420",1988,31,62,NA,79,3.02247533333333,49
"1287","1988_628399",1988,33,61,NA,75,1.84204066666667,43
"1288","1988_628448",1988,35,62,NA,71,2.01482133333333,37
"1289","1988_629705",1988,39,64,NA,69,1.52984133333333,31
"1290","1988_633361",1988,40,72,NA,84,2.42279333333333,45
"1291","1988_635907",1988,34,61,NA,73,2.21573333333333,40
"1292","1988_636711",1988,31,68,NA,78,2.278034,48
"1293","1988_638455",1988,33,62,NA,76,2.50874066666667,44
"1294","1988_638897",1988,35,59,NA,75,2.29881266666667,41
"1295","1988_639285",1988,36,70,NA,86,2.50446866666667,51
"1296","1988_640210",1988,44,76,NA,90,2.494808,47
"1297","1988_640237",1988,38,70,NA,84,2.63615333333333,47
"1298","1988_642139",1988,43,75,NA,90,2.50055533333333,48
"1299","1988_642364",1988,41,76,NA,88,2.82803533333333,48
"1300","1988_642618",1988,49,80,NA,95,2.30646066666667,47
"1301","1988_644985",1988,46,79,NA,98,2.688526,53
"1302","1988_645125",1988,33,66,NA,76,2.51734733333333,44
"1303","1988_647255",1988,31,60,NA,74,2.02309266666667,44
"1304","1988_647858",1988,35,65,NA,82,2.66008133333333,48
"1305","1988_648159",1988,33,69,NA,80,2.60638266666667,48
"1306","1988_648379",1988,36,61,NA,79,2.39279733333333,44
"1307","1988_650437",1988,44,76,NA,90,2.10962866666667,47
"1308","1988_651765",1988,48,80,NA,91,2.58202,44
"1309","1988_653023",1988,37,73,NA,88,3.01347066666667,52
"1310","1988_657271",1988,35,67,NA,83,2.88045266666667,49
"1311","1988_661102",1988,51,78,NA,92,2.33939666666667,42
"1312","1988_662814",1988,50,83,NA,96,2.47631333333333,47
"1313","1988_662863",1988,43,74,NA,90,2.866386,48
"1314","1988_663824",1988,44,73,NA,91,2.34589266666667,48
"1315","1988_665674",1988,37,63,NA,78,2.066458,42
"1316","1988_665863",1988,49,77,NA,94,2.40291533333333,46
"1317","1988_666515",1988,35,72,NA,87,3.07089133333333,53
"1318","1988_667685",1988,48,74,NA,85,1.71231333333333,38
"1319","1988_670433",1988,32,59,NA,71,2.40696733333333,40
"1320","1988_671013",1988,24,69,NA,90,3.74077133333333,67
"1321","1988_675427",1988,37,69,NA,84,2.71560933333333,48
"1322","1988_675505",1988,44,71,NA,85,2.231028,42
"1323","1988_678000",1988,38,68,NA,81,2.363176,44
"1324","1988_679438",1988,36,67,NA,81,2.20532466666667,46
"1325","1988_682167",1988,37,62,NA,77,2.185806,41
"1326","1988_684279",1988,30,47,NA,65,1.656094,36
"1327","1988_688130",1988,44,72,NA,89,2.61409066666667,46
"1328","1988_688901",1988,30,53,NA,67,1.74215666666667,38
"1329","1988_689328",1988,30,54,NA,68,2.101568,39
"1330","1988_690430",1988,35,65,NA,80,2.02411133333333,46
"1331","1988_692210",1988,39,60,NA,74,1.927722,36
"1332","1988_692926",1988,38,69,NA,82,2.497972,45
"1333","1988_694223",1988,38,70,NA,83,2.375368,46
"1334","1988_697525",1988,36,58,NA,69,2.30203666666667,34
"1335","1988_699102",1988,48,73,NA,91,2.35438,44
"1336","1989_711864",1989,35,65,NA,80,2.50056666666667,46
"1337","1989_714335",1989,40,77,NA,92,3.133438,53
"1338","1989_721702",1989,41,69,NA,87,2.94479266666667,47
"1339","1989_723564",1989,36,66,NA,76,2.05100266666667,41
"1340","1989_727691",1989,35,68,NA,80,2.17723266666667,46
"1341","1989_727926",1989,43,76,NA,93,3.13770066666667,51
"1342","1990_760211",1990,46,77,NA,90,2.85967333333333,45
"1343","1990_761999",1990,42,68,NA,84,2.439366,43
"1344","1990_764069",1990,41,72,NA,86,2.528926,46
"1345","1990_764220",1990,22,60,NA,73,2.26746866666667,52
"1346","1990_770342",1990,35,63,NA,77,2.19911866666667,43
"1347","1990_770982",1990,33,63,NA,80,2.77829866666667,48
"1348","1990_781968",1990,27,55,NA,70,2.37453933333333,44
"1349","1990_783473",1990,37,60,NA,76,2.03287133333333,40
"1350","1990_785232",1990,44,73,NA,86,1.886372,43
"1351","1990_792205",1990,49,74,NA,95,2.402392,47
"1352","1990_794182",1990,35,65,NA,82,2.96187666666667,48
"1353","1975_18679",1977,53,84,108,111,3.27575333333333,59
"1354","1975_19817",1977,52,81,104,107,2.9992,56
"1355","1975_21385",1977,41,68,101,103,3.25786,63
"1356","1975_23318",1977,45,77,110,114,3.49822,70
"1357","1975_23345",1977,31,62,81,84,2.53831333333333,54
"1358","1975_24199",1977,44,66,89,93,2.34637333333333,50
"1359","1975_71118",1977,34,74,NA,92,3.04703333333333,59
"1360","1975_71218",1977,50,82,98,102,2.81304,53
"1361","1975_72611",1977,29,60,84,90,3.02474,62
"1362","1975_73541",1977,55,86,114,120,3.38102,66
"1363","1975_73713",1977,50,83,NA,106,3.18112666666667,57
"1364","1975_74785",1977,44,76,106,110,3.78384,67
"1365","1975_74788",1977,45,79,108,109,2.90897333333333,65
"1366","1975_74907",1977,33,59,85,86,2.88983333333333,54
"1367","1975_76203",1977,46,76,108,112,3.64074666666667,67
"1368","1975_76602",1977,49,79,107,111,2.80913333333333,63
"1369","1975_76848",1977,40,63,95,96,3.33320666666667,57
"1370","1975_77465",1977,41,65,96,100,3.38318,60
"1371","1975_77601",1977,58,90,118,124,3.71028666666667,67
"1372","1975_78695",1977,43,72,100,103,3.36056666666667,61
"1373","1975_79319",1977,35,55,83,88,3.11604,54
"1374","1975_79809",1977,53,81,107,112,3.08557333333333,60
"1375","1975_80214",1977,48,75,103,108,2.92934,61
"1376","1975_80550",1977,34,65,94,98,3.16340666666667,65
"1377","1975_80634",1977,59,91,121,122,3.68908666666667,64
"1378","1975_80979",1977,46,73,98,104,2.95247333333333,59
"1379","1975_82459",1977,45,73,100,103,3.30391333333333,59
"1380","1975_82542",1977,40,68,91,95,3.01734,56
"1381","1975_82835",1977,37,69,93,98,3.12008666666667,62
"1382","1975_83066",1977,49,76,96,101,3.08768,53
"1383","1975_83241",1977,46,76,NA,105,3.01121333333333,60
"1384","1975_84124",1977,51,84,NA,112,3.06502666666667,62
"1385","1975_85362",1977,44,74,107,113,3.83517333333333,70
"1386","1975_85831",1977,49,80,106,111,3.59781333333333,63
"1387","1975_86568",1977,41,70,91,94,2.75019333333333,54
"1388","1975_87618",1977,38,67,95,97,3.20548666666667,60
"1389","1975_88799",1977,51,80,96,106,3.04371333333333,56
"1390","1975_89201",1977,53,82,102,107,2.48968666666667,55
"1391","1975_89918",1977,42,73,97,102,3.08949333333333,61
"1392","1976_1438",1978,36,62,87,90,2.55104666666667,55
"1393","1976_3774",1978,46,77,NA,102,2.87344666666667,57
"1394","1976_4134",1978,59,86,108,115,2.67444666666667,57
"1395","1976_5022",1978,33,59,80,88,2.52486666666667,56
"1396","1976_5923",1978,53,77,102,107,2.58457333333333,55
"1397","1976_5977",1978,59,84,108,116,2.68848666666667,58
"1398","1976_6816",1978,43,63,NA,86,2.09062666666667,44
"1399","1976_7075",1978,61,90,112,116,2.95620666666667,56
"1400","1976_7956",1978,51,82,104,113,2.81144666666667,63
"1401","1976_8291",1978,52,82,101,107,3.15989333333333,56
"1402","1976_8654",1978,44,72,99,105,3.17690666666667,62
"1403","1976_9243",1978,59,83,108,114,2.87385333333333,56
"1404","1976_9490",1978,54,83,104,114,3.02679333333333,61
"1405","1976_9829",1978,55,78,103,110,2.57571333333333,56
"1406","1976_11876",1978,59,80,108,112,2.55879333333333,54
"1407","1976_11879",1978,36,62,80,85,2.30692,50
"1408","1976_12733",1978,30,53,72,75,2.19328666666667,46
"1409","1976_12842",1978,46,73,99,103,2.96726666666667,58
"1410","1976_13620",1978,42,68,NA,97,2.67186666666667,56
"1411","1976_13692",1978,42,67,87,94,2.75228,53
"1412","1976_14181",1978,30,54,78,85,2.63312666666667,56
"1413","1976_14301",1978,39,64,83,87,2.46118,49
"1414","1976_14341",1978,47,78,97,100,2.76386666666667,54
"1415","1976_14561",1978,47,76,98,106,3.13925333333333,60
"1416","1976_14817",1978,28,51,70,78,2.52017333333333,51
"1417","1976_15680",1978,19,47,76,84,3.26494,66
"1418","1976_16015",1978,37,66,88,96,2.75934,60
"1419","1976_16805",1978,24,50,75,80,2.79650666666667,57
"1420","1976_17029",1978,32,57,82,86,2.63291333333333,55
"1421","1976_22882",1978,30,52,79,86,2.97016,57
"1422","1976_24026",1978,34,62,80,91,2.82482,58
"1423","1977_116117",1979,25,52,74,79,2.73324666666667,55
"1424","1977_120947",1979,39,64,NA,88,2.561,50
"1425","1977_121182",1979,40,71,94,96,2.55338,57
"1426","1977_121697",1979,47,77,102,106,2.87820666666667,60
"1427","1977_122470",1979,34,58,78,82,2.53148666666667,49
"1428","1977_122689",1979,49,75,98,104,2.65303333333333,56
"1429","1977_124822",1979,39,67,87,92,2.43438666666667,54
"1430","1977_125187",1979,40,68,93,97,3.32008666666667,58
"1431","1977_125839",1979,47,77,99,107,3.2977,61
"1432","1977_126028",1979,47,75,99,112,3.72211333333333,66
"1433","1977_126116",1979,65,89,112,121,3.12155333333333,57
"1434","1977_126183",1979,55,75,97,106,2.64654666666667,52
"1435","1977_126210",1979,60,86,110,116,3.16673333333333,57
"1436","1977_127142",1979,47,75,96,99,2.90244,53
"1437","1977_128041",1979,65,92,119,122,2.70122,58
"1438","1977_130125",1979,59,89,114,125,3.36400666666667,67
"1439","1977_133971",1979,58,88,113,117,3.09702,60
"1440","1977_135491",1979,37,66,84,90,2.78207333333333,54
"1441","1977_139537",1979,62,88,108,111,2.43476666666667,50
"1442","1986_311501",1988,38,70,93,97,2.84965333333333,60
"1443","1986_339871",1988,45,75,99,100,2.48202666666667,56
"1444","1986_343050",1988,39,68,95,100,3.33299333333333,62
"1445","1986_343558",1988,41,68,92,98,2.87884666666667,58
"1446","1986_381116",1988,46,70,100,104,2.86994666666667,59
"1447","1986_381571",1988,45,76,101,104,2.99908666666667,60
"1448","1986_382884",1988,40,66,93,93,2.78918,54
"1449","1986_392051",1988,40,68,95,98,2.5671,59
"1450","1987_452823",1989,47,78,99,102,2.89359333333333,56
"1451","1987_453507",1989,42,70,102,111,3.36046,70
"1452","1987_454347",1989,42,70,97,101,2.82407333333333,60
"1453","1987_455666",1989,36,63,87,90,2.66059333333333,55
"1454","1987_456023",1989,33,61,86,93,2.91454,61
"1455","1987_470421",1989,39,67,94,98,2.75034666666667,60
"1456","1987_474205",1989,29,68,87,91,2.98210666666667,63
"1457","1987_478908",1989,35,68,97,102,3.03092,68
"1458","1987_485429",1989,34,65,89,93,3.18620666666667,60
"1459","1987_486396",1989,16,46,71,76,3.59536,61
"1460","1987_489815",1989,31,72,94,100,3.84391333333333,70
"1461","1987_490267",1989,38,68,93,98,3.07270666666667,61
"1462","1987_494471",1989,39,70,90,94,2.47788,56
"1463","1987_496790",1989,37,66,94,100,3.34940666666667,64
"1464","1987_496880",1989,45,75,98,105,3.5226,61
"1465","1987_521302",1989,41,92,115,120,3.75636,80
"1466","1987_521611",1989,44,73,99,104,2.71891333333333,61
"1467","1987_531974",1989,39,77,99,106,3.55999333333333,68
"1468","1987_533104",1989,32,63,93,98,3.17716,67
"1469","1987_536489",1989,39,63,90,96,2.33546,58
"1470","1987_536534",1989,43,74,103,111,2.79171333333333,69
"1471","1987_538126",1989,47,75,102,106,3.10172,60
"1472","1987_543229",1989,36,62,86,92,2.71358666666667,57
"1473","1987_549070",1989,40,67,91,98,3.32811333333333,59
"1474","1988_600001",1990,46,68,91,99,2.75958,54
"1475","1988_624379",1990,46,73,104,110,3.47679333333333,65
"1476","1988_633759",1990,38,72,93,96,2.97056,59
"1477","1988_641540",1990,44,71,94,97,2.67836666666667,54
"1478","1988_642134",1990,42,73,96,99,2.97372666666667,58
"1479","1988_659137",1990,39,64,92,96,2.91164666666667,58
"1480","1988_663590",1990,46,68,94,99,2.84696666666667,54
"1481","1988_668342",1990,46,77,108,115,3.30918,70
"1482","1988_682128",1990,49,79,105,109,3.12486,61
"1483","1988_691830",1990,41,71,94,97,2.80068,57
"1484","1990_797275",1992,39,69,99,101,3.11583333333333,63
"1485","1991_835526",1993,38,66,91,96,2.98198666666667,59
"1486","1996_908415",1998,39,67,88,89,2.75646666666667,51
"1487","1996_903284",1998,40,72,99,102,3.13032666666667,63
"1488","1996_909231",1998,34,66,91,94,3.3948,61
"1489","1996_912385",1998,41,69,89,92,2.58832,52
"1490","1996_914801",1998,40,75,99,103,2.96842,64
"1491","1996_929999",1998,49,75,100,101,3.05002,53
"1492","1996_937642",1998,42,74,100,103,2.73162,62
"1493","1996_938480",1998,35,67,90,92,2.84159333333333,58
"1494","1996_939999",1998,52,77,NA,107,2.71254666666667,56
"1495","1996_942129",1998,43,72,NA,94,2.59854666666667,52
"1496","1996_947058",1998,40,70,96,101,3.01070666666667,62
"1497","1979_151663",1981,47,72,98,102,2.57353333333333,56
"1498","1979_154221",1981,52,79,100,102,2.60622,51
"1499","1979_161824",1981,53,76,99,103,2.48422666666667,51
"1500","1979_175752",1981,43,71,94,99,2.96211333333333,57
"1501","1979_179417",1981,48,77,99,100,2.56236,53
"1502","1979_190974",1981,51,78,105,107,2.94232,57
"1503","1979_194994",1981,50,73,91,100,2.58794666666667,51
"1504","1980_200726",1982,39,68,89,92,2.43572666666667,54
"1505","1980_240025",1982,53,80,105,108,2.84582,56
"1506","1981_299440",1983,43,65,87,90,2.35557333333333,48
"1507","1982_1686",1984,57,80,112,114,2.91496,58
"1508","1982_8560",1984,31,58,81,87,2.70474666666667,57
"1509","1982_35833",1984,48,74,96,101,2.885,54
"1510","1982_37242",1984,32,65,90,96,3.09814666666667,65
"1511","1982_41728",1984,43,68,93,96,2.52598,54
"1512","1983_67642",1985,38,69,97,102,2.94995333333333,65
"1513","1983_72363",1985,49,74,98,102,2.65638666666667,54
"1514","1983_90108",1985,47,72,98,101,2.81934666666667,55
"1515","1984_1301",1986,30,59,80,86,3.03658666666667,57
"1516","1984_2208",1986,45,66,93,98,2.68512,54
"1517","1984_2292",1986,41,64,92,96,2.6557,56
"1518","1984_2758",1986,36,60,90,96,3.25068,61
"1519","1984_2785",1986,50,77,NA,104,2.74332,55
"1520","1984_7894",1986,40,71,96,104,2.77418,65
"1521","1984_10690",1986,39,71,95,100,2.79655333333333,62
"1522","1984_11393",1986,50,75,97,105,2.91370666666667,56
"1523","1984_11757",1986,47,72,94,105,2.93737333333333,59
"1524","1984_13425",1986,40,64,NA,98,2.69465333333333,59
"1525","1984_19866",1986,39,64,93,98,3.27358666666667,60
"1526","1984_22088",1986,43,70,93,98,2.65041333333333,56
"1527","1984_22396",1986,38,69,97,105,3.09984,68
"1528","1984_24799",1986,38,66,NA,96,3.42055333333333,59
"1529","1984_27397",1986,43,67,98,106,2.94093333333333,64
"1530","1984_31843",1986,40,68,NA,94,2.82668,55
"1531","1984_32306",1986,42,68,97,102,2.69608666666667,61
"1532","1984_33148",1986,39,61,89,94,3.11902666666667,56
"1533","1984_35068",1986,37,53,73,75,1.96516666666667,39
"1534","1984_44835",1986,42,66,93,98,2.62200666666667,57
"1535","1984_48047",1986,46,63,91,97,2.46618666666667,52
"1536","1984_49758",1986,40,65,94,98,2.82238,59
"1537","1984_51437",1986,41,68,93,101,3.56532666666667,61
"1538","1984_51484",1986,52,73,98,106,2.76026666666667,55
"1539","1984_58654",1986,41,64,93,97,2.71761333333333,57
"1540","1984_60986",1986,37,65,94,98,2.8697,62
"1541","1984_70021",1986,49,70,98,103,2.87642666666667,55
"1542","1984_76751",1986,46,69,NA,95,2.35908,50
"1543","1984_76780",1986,45,74,98,103,2.74668666666667,59
"1544","1984_79547",1986,35,63,87,95,3.03185333333333,61
"1545","1984_80286",1986,44,70,94,99,2.55556,56
"1546","1984_83045",1986,46,75,103,105,2.74639333333333,60
"1547","1984_83675",1986,39,68,90,93,3.21354666666667,55
"1548","1984_84756",1986,46,74,100,105,3.07107333333333,60
"1549","1984_86780",1986,46,70,97,103,3.19868,58
"1550","1984_87914",1986,50,76,96,103,3.21118,54
"1551","1984_88607",1986,37,64,92,95,3.00867333333333,59
"1552","1984_97517",1986,47,78,107,111,3.38285333333333,65
"1553","1984_97720",1986,37,69,90,95,2.91780666666667,59
"1554","1984_98288",1986,42,67,95,101,2.94472,60
"1555","1985_103011",1987,46,70,94,99,2.82556666666667,54
"1556","1985_119643",1987,39,69,92,95,2.77182,57
"1557","1985_127037",1987,44,70,98,101,3.12473333333333,58
"1558","1985_170569",1987,42,74,101,106,3.22252666666667,65
"1559","1985_188588",1987,45,69,96,99,2.31409333333333,55
"1560","1985_193376",1987,43,78,109,111,3.55310666666667,69
