"","JoinID","marine.incr","marine.circ","SeaAge","DaysatSea"
"1","1975_71118",3.04703333333333,59,"2SW",792
"2","1975_73713",3.18112666666667,57,"2SW",786
"3","1975_83241",3.01121333333333,60,"2SW",768
"4","1975_84124",3.06502666666667,62,"2SW",765
"5","1976_3774",2.87344666666667,57,"2SW",820
"6","1976_6816",2.09062666666667,44,"2SW",776
"7","1976_13620",2.67186666666667,56,"2SW",829
"8","1977_120947",2.561,50,"2SW",768
"9","1996_939999",2.71254666666667,56,"2SW",767
"10","1996_942129",2.59854666666667,52,"2SW",774
"11","1984_2785",2.74332,55,"2SW",796
"12","1984_13425",2.69465333333333,59,"2SW",764
"13","1984_24799",3.42055333333333,59,"2SW",763
"14","1984_31843",2.82668,55,"2SW",745
"15","1984_76751",2.35908,50,"2SW",745
"16","1975_18679",3.27575333333333,59,"2SW",784
"17","1975_19817",2.9992,56,"2SW",794
"18","1975_21385",3.25786,63,"2SW",790
"19","1975_23318",3.49822,70,"2SW",795
"20","1975_23345",2.53831333333333,54,"2SW",790
"21","1975_24199",2.34637333333333,50,"2SW",783
"22","1975_71218",2.81304,53,"2SW",800
"23","1975_72611",3.02474,62,"2SW",785
"24","1975_73541",3.38102,66,"2SW",798
"25","1975_74785",3.78384,67,"2SW",771
"26","1975_74788",2.90897333333333,65,"2SW",791
"27","1975_74907",2.88983333333333,54,"2SW",791
"28","1975_76203",3.64074666666667,67,"2SW",784
"29","1975_76602",2.80913333333333,63,"2SW",773
"30","1975_76848",3.33320666666667,57,"2SW",789
"31","1975_77465",3.38318,60,"2SW",876
"32","1975_77601",3.71028666666667,67,"2SW",794
"33","1975_78695",3.36056666666667,61,"2SW",789
"34","1975_79319",3.11604,54,"2SW",788
"35","1975_79809",3.08557333333333,60,"2SW",773
"36","1975_80214",2.92934,61,"2SW",800
"37","1975_80550",3.16340666666667,65,"2SW",791
"38","1975_80634",3.68908666666667,64,"2SW",786
"39","1975_80979",2.95247333333333,59,"2SW",790
"40","1975_82459",3.30391333333333,59,"2SW",784
"41","1975_82542",3.01734,56,"2SW",791
"42","1975_82835",3.12008666666667,62,"2SW",788
"43","1975_83066",3.08768,53,"2SW",788
"44","1975_85362",3.83517333333333,70,"2SW",787
"45","1975_85831",3.59781333333333,63,"2SW",795
"46","1975_86568",2.75019333333333,54,"2SW",789
"47","1975_87618",3.20548666666667,60,"2SW",791
"48","1975_88799",3.04371333333333,56,"2SW",795
"49","1975_89201",2.48968666666667,55,"2SW",799
"50","1975_89918",3.08949333333333,61,"2SW",784
"51","1976_1438",2.55104666666667,55,"2SW",778
"52","1976_4134",2.67444666666667,57,"2SW",771
"53","1976_5022",2.52486666666667,56,"2SW",793
"54","1976_5923",2.58457333333333,55,"2SW",823
"55","1976_5977",2.68848666666667,58,"2SW",852
"56","1976_7075",2.95620666666667,56,"2SW",771
"57","1976_7956",2.81144666666667,63,"2SW",814
"58","1976_8291",3.15989333333333,56,"2SW",780
"59","1976_8654",3.17690666666667,62,"2SW",877
"60","1976_9243",2.87385333333333,56,"2SW",777
"61","1976_9490",3.02679333333333,61,"2SW",894
"62","1976_9829",2.57571333333333,56,"2SW",804
"63","1976_11876",2.55879333333333,54,"2SW",782
"64","1976_11879",2.30692,50,"2SW",825
"65","1976_12733",2.19328666666667,46,"2SW",818
"66","1976_12842",2.96726666666667,58,"2SW",782
"67","1976_13692",2.75228,53,"2SW",888
"68","1976_14181",2.63312666666667,56,"2SW",800
"69","1976_14301",2.46118,49,"2SW",805
"70","1976_14341",2.76386666666667,54,"2SW",776
"71","1976_14561",3.13925333333333,60,"2SW",780
"72","1976_14817",2.52017333333333,51,"2SW",803
"73","1976_15680",3.26494,66,"2SW",775
"74","1976_16015",2.75934,60,"2SW",785
"75","1976_16805",2.79650666666667,57,"2SW",866
"76","1976_17029",2.63291333333333,55,"2SW",781
"77","1976_22882",2.97016,57,"2SW",821
"78","1976_24026",2.82482,58,"2SW",851
"79","1977_116117",2.73324666666667,55,"2SW",792
"80","1977_121182",2.55338,57,"2SW",781
"81","1977_121697",2.87820666666667,60,"2SW",787
"82","1977_122470",2.53148666666667,49,"2SW",781
"83","1977_122689",2.65303333333333,56,"2SW",775
"84","1977_124822",2.43438666666667,54,"2SW",798
"85","1977_125187",3.32008666666667,58,"2SW",780
"86","1977_125839",3.2977,61,"2SW",783
"87","1977_126028",3.72211333333333,66,"2SW",772
"88","1977_126116",3.12155333333333,57,"2SW",798
"89","1977_126183",2.64654666666667,52,"2SW",806
"90","1977_126210",3.16673333333333,57,"2SW",774
"91","1977_127142",2.90244,53,"2SW",768
"92","1977_128041",2.70122,58,"2SW",773
"93","1977_130125",3.36400666666667,67,"2SW",773
"94","1977_133971",3.09702,60,"2SW",773
"95","1977_135491",2.78207333333333,54,"2SW",775
"96","1977_139537",2.43476666666667,50,"2SW",775
"97","1986_311501",2.84965333333333,60,"2SW",862
"98","1986_339871",2.48202666666667,56,"2SW",793
"99","1986_343050",3.33299333333333,62,"2SW",845
"100","1986_343558",2.87884666666667,58,"2SW",764
"101","1986_381116",2.86994666666667,59,"2SW",848
"102","1986_381571",2.99908666666667,60,"2SW",742
"103","1986_382884",2.78918,54,"2SW",843
"104","1986_392051",2.5671,59,"2SW",891
"105","1987_452823",2.89359333333333,56,"2SW",771
"106","1987_453507",3.36046,70,"2SW",776
"107","1987_454347",2.82407333333333,60,"2SW",768
"108","1987_455666",2.66059333333333,55,"2SW",780
"109","1987_456023",2.91454,61,"2SW",796
"110","1987_470421",2.75034666666667,60,"2SW",793
"111","1987_474205",2.98210666666667,63,"2SW",780
"112","1987_478908",3.03092,68,"2SW",792
"113","1987_485429",3.18620666666667,60,"2SW",801
"114","1987_486396",3.59536,61,"2SW",792
"115","1987_489815",3.84391333333333,70,"2SW",792
"116","1987_490267",3.07270666666667,61,"2SW",792
"117","1987_494471",2.47788,56,"2SW",795
"118","1987_496790",3.34940666666667,64,"2SW",783
"119","1987_496880",3.5226,61,"2SW",770
"120","1987_521302",3.75636,80,"2SW",779
"121","1987_521611",2.71891333333333,61,"2SW",797
"122","1987_531974",3.55999333333333,68,"2SW",771
"123","1987_533104",3.17716,67,"2SW",796
"124","1987_536489",2.33546,58,"2SW",891
"125","1987_536534",2.79171333333333,69,"2SW",796
"126","1987_538126",3.10172,60,"2SW",780
"127","1987_543229",2.71358666666667,57,"2SW",793
"128","1987_549070",3.32811333333333,59,"2SW",794
"129","1988_600001",2.75958,54,"2SW",770
"130","1988_624379",3.47679333333333,65,"2SW",770
"131","1988_633759",2.97056,59,"2SW",865
"132","1988_641540",2.67836666666667,54,"2SW",769
"133","1988_642134",2.97372666666667,58,"2SW",769
"134","1988_659137",2.91164666666667,58,"2SW",870
"135","1988_663590",2.84696666666667,54,"2SW",766
"136","1988_668342",3.30918,70,"2SW",853
"137","1988_682128",3.12486,61,"2SW",770
"138","1988_691830",2.80068,57,"2SW",765
"139","1990_797275",3.11583333333333,63,"2SW",771
"140","1991_835526",2.98198666666667,59,"2SW",783
"141","1996_908415",2.75646666666667,51,"2SW",770
"142","1996_903284",3.13032666666667,63,"2SW",775
"143","1996_909231",3.3948,61,"2SW",768
"144","1996_912385",2.58832,52,"2SW",786
"145","1996_914801",2.96842,64,"2SW",766
"146","1996_929999",3.05002,53,"2SW",768
"147","1996_937642",2.73162,62,"2SW",792
"148","1996_938480",2.84159333333333,58,"2SW",790
"149","1996_947058",3.01070666666667,62,"2SW",797
"150","1979_151663",2.57353333333333,56,"2SW",808
"151","1979_154221",2.60622,51,"2SW",794
"152","1979_161824",2.48422666666667,51,"2SW",806
"153","1979_175752",2.96211333333333,57,"2SW",787
"154","1979_179417",2.56236,53,"2SW",753
"155","1979_190974",2.94232,57,"2SW",763
"156","1979_194994",2.58794666666667,51,"2SW",777
"157","1980_200726",2.43572666666667,54,"2SW",768
"158","1980_240025",2.84582,56,"2SW",774
"159","1981_299440",2.35557333333333,48,"2SW",843
"160","1982_1686",2.91496,58,"2SW",876
"161","1982_8560",2.70474666666667,57,"2SW",774
"162","1982_35833",2.885,54,"2SW",773
"163","1982_37242",3.09814666666667,65,"2SW",788
"164","1982_41728",2.52598,54,"2SW",773
"165","1983_67642",2.94995333333333,65,"2SW",798
"166","1983_72363",2.65638666666667,54,"2SW",761
"167","1983_90108",2.81934666666667,55,"2SW",766
"168","1984_1301",3.03658666666667,57,"2SW",796
"169","1984_2208",2.68512,54,"2SW",767
"170","1984_2292",2.6557,56,"2SW",796
"171","1984_2758",3.25068,61,"2SW",793
"172","1984_7894",2.77418,65,"2SW",796
"173","1984_10690",2.79655333333333,62,"2SW",789
"174","1984_11393",2.91370666666667,56,"2SW",793
"175","1984_11757",2.93737333333333,59,"2SW",814
"176","1984_19866",3.27358666666667,60,"2SW",764
"177","1984_22088",2.65041333333333,56,"2SW",791
"178","1984_22396",3.09984,68,"2SW",789
"179","1984_27397",2.94093333333333,64,"2SW",772
"180","1984_32306",2.69608666666667,61,"2SW",769
"181","1984_33148",3.11902666666667,56,"2SW",766
"182","1984_35068",1.96516666666667,39,"2SW",766
"183","1984_44835",2.62200666666667,57,"2SW",766
"184","1984_48047",2.46618666666667,52,"2SW",769
"185","1984_49758",2.82238,59,"2SW",766
"186","1984_51437",3.56532666666667,61,"2SW",795
"187","1984_51484",2.76026666666667,55,"2SW",795
"188","1984_58654",2.71761333333333,57,"2SW",766
"189","1984_60986",2.8697,62,"2SW",830
"190","1984_70021",2.87642666666667,55,"2SW",769
"191","1984_76780",2.74668666666667,59,"2SW",764
"192","1984_79547",3.03185333333333,61,"2SW",793
"193","1984_80286",2.55556,56,"2SW",767
"194","1984_83045",2.74639333333333,60,"2SW",756
"195","1984_83675",3.21354666666667,55,"2SW",744
"196","1984_84756",3.07107333333333,60,"2SW",765
"197","1984_86780",3.19868,58,"2SW",775
"198","1984_87914",3.21118,54,"2SW",791
"199","1984_88607",3.00867333333333,59,"2SW",770
"200","1984_97517",3.38285333333333,65,"2SW",791
"201","1984_97720",2.91780666666667,59,"2SW",761
"202","1984_98288",2.94472,60,"2SW",794
"203","1985_103011",2.82556666666667,54,"2SW",788
"204","1985_119643",2.77182,57,"2SW",832
"205","1985_127037",3.12473333333333,58,"2SW",762
"206","1985_170569",3.22252666666667,65,"2SW",793
"207","1985_188588",2.31409333333333,55,"2SW",776
"208","1985_193376",3.55310666666667,69,"2SW",770
"209","1967_1902",0.410349333333333,7,"0SW",98
"210","1967_2599",0.306495333333333,8,"0SW",104
"211","1967_3046",0.453440666666667,9,"0SW",95
"212","1967_3603",0.390922666666667,8,"0SW",103
"213","1968_5074",0.580994,9,"0SW",111
"214","1969_5075",0.294678666666667,6,"0SW",57
"215","1967_5557",0.315531333333333,7,"0SW",99
"216","1968_9204",0.288353333333333,7,"0SW",85
"217","1972_10365",0.342696,9,"0SW",58
"218","1972_10813",0.278946666666667,7,"0SW",54
"219","1972_10838",0.553114666666667,11,"0SW",59
"220","1974_12361",0.420134,8,"0SW",85
"221","1974_15151",0.6579,13,"0SW",105
"222","1972_21733",0.586084666666667,11,"0SW",109
"223","1972_37848",0.62812,12,"0SW",108
"224","1972_39916",0.31342,8,"0SW",56
"225","1972_41901",0.593565333333334,13,"0SW",98
"226","1972_47053",0.261726666666667,7,"0SW",52
"227","1972_47800",0.390648,7,"0SW",52
"228","1972_51800",0.572222,10,"0SW",71
"229","1972_53046",0.212808666666667,8,"0SW",69
"230","1972_55343",0.475724666666667,9,"0SW",51
"231","1972_56230",0.308054666666667,7,"0SW",97
"232","1972_58621",0.51761,12,"0SW",103
"233","1972_59473",0.587126666666667,11,"0SW",78
"234","1972_60401",0.48959,8,"0SW",76
"235","1972_61572",0.540257333333333,10,"0SW",80
"236","1973_79322",0.241946666666667,7,"0SW",59
"237","1971_92852",0.121083333333333,4,"0SW",64
"238","1974_94815",0.646364666666667,15,"0SW",64
"239","1974_96452",0.517756666666667,10,"0SW",107
"240","1971_97633",0.235646666666667,6,"0SW",59
"241","1979_142388",0.748886666666667,14,"0SW",103
"242","1980_224497",0.428396,10,"0SW",85
"243","1981_293158",0.342496666666667,9,"0SW",61
"244","1966_662012",1.09488733333333,23,"0SW",180
"245","1989_706142",0.484044,9,"0SW",140
"246","1984_9",2.55965066666667,42,"1SW",469
"247","1969_26",1.76869333333333,37,"1SW",496
"248","1974_65",2.57127466666667,44,"1SW",513
"249","1974_330",2.02274133333333,42,"1SW",427
"250","1974_346",2.26601333333333,40,"1SW",409
"251","1972_365",3.02465133333333,48,"1SW",500
"252","1969_671",2.60538666666667,47,"1SW",489
"253","1969_856",1.898772,46,"1SW",499
"254","1974_1355",1.91856466666667,35,"1SW",402
"255","1967_1516",1.84937066666667,39,"1SW",463
"256","1969_1739",2.98984133333333,47,"1SW",487
"257","1984_1800",2.25188133333333,44,"1SW",457
"258","1969_1928",2.49821133333333,44,"1SW",470
"259","1972_2048",2.11142733333333,48,"1SW",465
"260","1972_2164",1.91884466666667,37,"1SW",454
"261","1972_2368",3.09468133333333,49,"1SW",493
"262","1972_2445",2.121172,45,"1SW",438
"263","1969_2449",2.247454,46,"1SW",515
"264","1969_2554",2.14828466666667,41,"1SW",489
"265","1972_2754",2.73165,46,"1SW",453
"266","1974_3008",2.73861066666667,47,"1SW",471
"267","1969_3140",2.50560933333333,41,"1SW",448
"268","1972_3193",2.37076866666667,44,"1SW",450
"269","1974_3403",2.21961533333333,46,"1SW",485
"270","1974_3443",3.04834066666667,54,"1SW",484
"271","1974_3552",2.260986,46,"1SW",468
"272","1974_3908",2.27685333333333,48,"1SW",435
"273","1972_3963",1.95876066666667,35,"1SW",454
"274","1972_3998",2.81452933333333,46,"1SW",484
"275","1974_4029",3.07196933333333,51,"1SW",578
"276","1984_4082",2.41267933333333,45,"1SW",468
"277","1974_4144",3.02619866666667,55,"1SW",503
"278","1969_4206",2.12362,41,"1SW",467
"279","1969_4343",3.33442133333333,57,"1SW",512
"280","1969_4392",1.45732933333333,36,"1SW",438
"281","1967_4618",2.10720466666667,37,"1SW",465
"282","1974_4672",2.36457933333333,44,"1SW",436
"283","1969_4690",2.09582,35,"1SW",518
"284","1969_4758",2.142096,38,"1SW",446
"285","1972_4851",2.25122,37,"1SW",483
"286","1968_4961",1.99163733333333,36,"1SW",461
"287","1969_4978",3.11270133333333,56,"1SW",480
"288","1972_5209",2.09924066666667,40,"1SW",480
"289","1969_5297",1.72811066666667,32,"1SW",473
"290","1969_5433",2.23767333333333,41,"1SW",426
"291","1984_5450",2.81586533333333,49,"1SW",474
"292","1974_5462",2.60538,43,"1SW",454
"293","1974_5635",1.99383733333333,45,"1SW",527
"294","1984_5922",2.34201666666667,42,"1SW",546
"295","1969_6128",2.22704933333333,41,"1SW",528
"296","1974_6413",3.05585533333333,54,"1SW",572
"297","1974_6568",2.656556,49,"1SW",446
"298","1972_6588",2.32289533333333,44,"1SW",454
"299","1972_6642",2.35471866666667,43,"1SW",456
"300","1969_6656",2.16486533333333,42,"1SW",487
"301","1969_6656",2.16486533333333,42,"1SW",487
"302","1969_6720",1.96254466666667,38,"1SW",469
"303","1974_6838",2.57209333333333,48,"1SW",539
"304","1982_7142",1.3089,32,"1SW",490
"305","1976_7517",2.820708,46,"1SW",435
"306","1974_7533",2.01961333333333,43,"1SW",437
"307","1974_7754",2.19132133333333,41,"1SW",445
"308","1984_7776",2.708484,50,"1SW",533
"309","1969_7797",2.321348,41,"1SW",467
"310","1968_7881",2.649306,44,"1SW",546
"311","1972_7918",2.36276733333333,40,"1SW",483
"312","1974_7958",2.45820666666667,44,"1SW",524
"313","1967_7965",2.92593666666667,50,"1SW",481
"314","1976_8037",1.86463066666667,35,"1SW",485
"315","1969_8091",2.62903666666667,43,"1SW",495
"316","1974_8092",2.486508,48,"1SW",424
"317","1969_8168",1.668798,31,"1SW",456
"318","1969_8186",2.38458,43,"1SW",494
"319","1974_8189",2.84950133333333,49,"1SW",439
"320","1974_8192",1.797684,42,"1SW",488
"321","1969_8213",1.84950933333333,36,"1SW",455
"322","1972_8277",2.65678666666667,42,"1SW",472
"323","1974_8279",2.741734,46,"1SW",444
"324","1976_8283",2.36623466666667,45,"1SW",468
"325","1976_8391",1.952974,38,"1SW",434
"326","1984_8720",1.63409666666667,32,"1SW",432
"327","1974_8843",1.98259266666667,43,"1SW",486
"328","1984_8888",2.39686533333333,44,"1SW",547
"329","1970_8906",2.07725266666667,42,"1SW",455
"330","1970_8933",1.69422666666667,32,"1SW",488
"331","1974_8954",3.228322,48,"1SW",491
"332","1970_9114",2.92188866666667,51,"1SW",483
"333","1970_9132",2.03662666666667,41,"1SW",428
"334","1970_9170",2.04350466666667,45,"1SW",469
"335","1970_9195",2.50569066666667,45,"1SW",474
"336","1969_9315",1.624694,30,"1SW",406
"337","1974_9524",2.06120933333333,44,"1SW",486
"338","1976_9566",2.448984,41,"1SW",425
"339","1974_9578",2.32928533333333,44,"1SW",417
"340","1974_9585",2.13448333333333,46,"1SW",573
"341","1970_9751",2.40376,42,"1SW",464
"342","1969_9839",1.711254,36,"1SW",472
"343","1970_9950",2.45288,44,"1SW",515
"344","1970_10035",2.80042,50,"1SW",482
"345","1970_10085",2.922494,58,"1SW",488
"346","1984_10138",2.24662266666667,39,"1SW",484
"347","1970_10243",1.57950666666667,32,"1SW",469
"348","1972_10340",2.30342466666667,46,"1SW",479
"349","1970_10474",2.24582666666667,42,"1SW",577
"350","1972_10543",2.46369266666667,43,"1SW",498
"351","1972_10557",2.17291466666667,45,"1SW",467
"352","1974_10561",1.71044133333333,38,"1SW",474
"353","1974_10712",2.511912,46,"1SW",445
"354","1974_10739",2.199422,31,"1SW",422
"355","1970_11020",2.60170266666667,42,"1SW",501
"356","1970_11281",2.112236,39,"1SW",473
"357","1972_11415",1.80537333333333,35,"1SW",405
"358","1970_11523",1.91553666666667,40,"1SW",487
"359","1970_11602",3.26299266666667,56,"1SW",488
"360","1976_11710",1.261182,28,"1SW",432
"361","1970_11875",2.684276,49,"1SW",470
"362","1976_11882",2.57766066666667,57,"1SW",485
"363","1970_11905",2.41058466666667,46,"1SW",461
"364","1972_12093",3.13855333333333,55,"1SW",516
"365","1972_12103",2.32233533333333,40,"1SW",396
"366","1974_12186",2.70904733333333,47,"1SW",448
"367","1972_12292",3.053326,47,"1SW",432
"368","1972_12379",2.11776133333333,39,"1SW",486
"369","1984_12466",2.15494866666667,45,"1SW",461
"370","1976_12490",1.83772,37,"1SW",414
"371","1970_12795",2.70132866666667,42,"1SW",443
"372","1970_12807",2.80074666666667,59,"1SW",493
"373","1970_12829",2.04240666666667,38,"1SW",397
"374","1970_12831",2.41297866666667,45,"1SW",555
"375","1974_12959",2.37948533333333,47,"1SW",455
"376","1976_13010",2.74735266666667,45,"1SW",489
"377","1976_13012",2.13970066666667,36,"1SW",427
"378","1974_13048",2.99201466666667,52,"1SW",490
"379","1970_13302",2.35123133333333,43,"1SW",458
"380","1970_13307",2.09997866666667,37,"1SW",506
"381","1974_13354",3.51486,64,"1SW",485
"382","1970_13425",2.05546866666667,42,"1SW",479
"383","1970_13443",1.924574,39,"1SW",509
"384","1974_13450",2.20780066666667,45,"1SW",488
"385","1972_13488",3.23310266666667,67,"1SW",485
"386","1984_13638",2.48887466666667,48,"1SW",557
"387","1972_13716",2.40013133333333,36,"1SW",463
"388","1972_13750",1.895124,32,"1SW",401
"389","1982_13873",2.23996733333333,42,"1SW",410
"390","1970_13882",2.60697466666667,46,"1SW",555
"391","1970_13966",2.33250666666667,41,"1SW",511
"392","1974_14067",2.12322866666667,35,"1SW",422
"393","1984_14212",2.00834466666667,42,"1SW",540
"394","1970_14234",2.61461733333333,43,"1SW",503
"395","1970_14314",1.40718533333333,35,"1SW",490
"396","1984_14541",1.93740666666667,43,"1SW",462
"397","1974_14718",2.40213466666667,48,"1SW",505
"398","1970_14779",2.20663133333333,41,"1SW",520
"399","1974_14780",1.68938533333333,37,"1SW",447
"400","1984_14803",2.45363333333333,48,"1SW",565
"401","1970_14936",1.62727666666667,37,"1SW",481
"402","1974_15076",3.127924,46,"1SW",549
"403","1974_15463",1.957812,42,"1SW",441
"404","1970_15511",1.96469666666667,39,"1SW",460
"405","1970_15661",2.23580733333333,42,"1SW",480
"406","1974_15684",2.74740666666667,41,"1SW",570
"407","1984_15784",2.552552,47,"1SW",549
"408","1984_15806",2.19751333333333,42,"1SW",531
"409","1974_15887",2.402714,50,"1SW",573
"410","1972_15986",2.86029933333333,49,"1SW",468
"411","1984_16068",2.34696266666667,42,"1SW",546
"412","1972_16073",2.372778,39,"1SW",393
"413","1970_16077",2.68858,47,"1SW",486
"414","1974_16078",1.93957,41,"1SW",445
"415","1974_16270",2.20384,43,"1SW",403
"416","1974_16432",2.85889866666667,50,"1SW",554
"417","1984_16488",2.03736,39,"1SW",463
"418","1972_16568",2.38193466666667,44,"1SW",490
"419","1976_16831",2.366746,38,"1SW",465
"420","1974_16861",2.390224,45,"1SW",549
"421","1974_16947",1.83027866666667,40,"1SW",449
"422","1972_17154",1.83859333333333,36,"1SW",446
"423","1970_17370",1.97895066666667,43,"1SW",474
"424","1974_17454",1.961788,42,"1SW",394
"425","1970_17637",2.157904,40,"1SW",494
"426","1970_17869",2.0636,36,"1SW",482
"427","1972_17960",2.45704933333333,47,"1SW",540
"428","1970_18024",1.81426466666667,40,"1SW",525
"429","1974_18069",2.46468666666667,45,"1SW",476
"430","1982_18099",2.37821333333333,43,"1SW",430
"431","1970_18518",2.62901666666667,50,"1SW",514
"432","1973_18547",2.50866133333333,45,"1SW",458
"433","1972_18742",2.76731466666667,49,"1SW",490
"434","1984_18779",2.55150666666667,48,"1SW",506
"435","1975_19009",1.90330933333333,42,"1SW",434
"436","1970_19286",1.87137533333333,38,"1SW",490
"437","1982_19387",1.99926266666667,42,"1SW",456
"438","1975_19427",2.253492,38,"1SW",428
"439","1975_19687",2.316458,39,"1SW",448
"440","1975_19749",2.23905666666667,45,"1SW",423
"441","1970_19964",2.17674333333333,41,"1SW",491
"442","1970_20016",2.37079266666667,47,"1SW",497
"443","1984_20052",2.43564066666667,43,"1SW",458
"444","1970_20058",2.29492666666667,47,"1SW",571
"445","1975_20249",2.07478933333333,44,"1SW",427
"446","1970_20331",2.95677466666667,49,"1SW",494
"447","1972_20336",2.99210733333333,50,"1SW",461
"448","1975_20350",2.19901133333333,29,"1SW",456
"449","1984_20445",2.791406,50,"1SW",560
"450","1970_20709",2.15175866666667,35,"1SW",553
"451","1975_21306",2.35997133333333,43,"1SW",445
"452","1970_21507",3.00272,51,"1SW",430
"453","1970_21665",1.99298333333333,40,"1SW",544
"454","1970_21666",2.17953733333333,44,"1SW",520
"455","1984_21732",2.15890333333333,41,"1SW",552
"456","1970_22063",1.960206,35,"1SW",492
"457","1972_22105",2.27435866666667,41,"1SW",469
"458","1984_22232",1.85038333333333,35,"1SW",458
"459","1976_22284",2.063574,43,"1SW",473
"460","1975_22374",1.74009733333333,36,"1SW",434
"461","1976_22381",1.83698666666667,37,"1SW",435
"462","1970_22467",2.54667466666667,45,"1SW",550
"463","1975_22498",2.60276533333333,45,"1SW",442
"464","1975_22504",2.04413733333333,42,"1SW",486
"465","1970_22612",2.06266066666667,36,"1SW",532
"466","1970_22626",2.266106,45,"1SW",483
"467","1970_22732",2.46427733333333,42,"1SW",513
"468","1970_22912",1.963302,38,"1SW",480
"469","1970_22964",1.84016333333333,34,"1SW",458
"470","1975_23509",2.36874266666667,37,"1SW",427
"471","1975_23566",2.20288533333333,40,"1SW",439
"472","1970_23773",2.24892733333333,41,"1SW",505
"473","1970_23817",2.082536,38,"1SW",471
"474","1984_23827",1.8979,39,"1SW",540
"475","1976_23937",2.22449333333333,45,"1SW",493
"476","1970_24005",2.26623,42,"1SW",490
"477","1976_24183",2.28545866666667,43,"1SW",426
"478","1970_24297",1.88916,41,"1SW",502
"479","1975_24771",1.641852,39,"1SW",463
"480","1970_24813",2.76338666666667,53,"1SW",504
"481","1972_25148",2.99306,50,"1SW",478
"482","1974_25188",2.05282,42,"1SW",498
"483","1972_25216",2.34414266666667,42,"1SW",565
"484","1970_25231",2.55964666666667,43,"1SW",490
"485","1970_25348",1.539106,35,"1SW",456
"486","1970_25359",1.81180333333333,36,"1SW",486
"487","1984_25377",1.907358,39,"1SW",468
"488","1982_25432",2.15193,41,"1SW",467
"489","1972_25459",2.24006,44,"1SW",462
"490","1970_25541",2.87882466666667,49,"1SW",462
"491","1972_25633",2.48519666666667,44,"1SW",563
"492","1970_25840",2.08488066666667,37,"1SW",515
"493","1970_25938",2.19276533333333,38,"1SW",483
"494","1970_25943",1.901226,43,"1SW",464
"495","1970_26022",2.760278,54,"1SW",503
"496","1970_26097",2.26686733333333,42,"1SW",502
"497","1974_26208",2.41925333333333,46,"1SW",454
"498","1970_26701",2.26124833333333,41,"1SW",560
"499","1970_26739",1.708014,41,"1SW",484
"500","1974_26947",2.44599866666667,40,"1SW",523
"501","1970_27031",2.602828,50,"1SW",526
"502","1970_27036",1.750234,37,"1SW",508
"503","1970_27218",2.29778266666667,41,"1SW",460
"504","1972_27225",2.39342533333333,41,"1SW",444
"505","1970_27495",2.60212666666667,45,"1SW",470
"506","1972_27510",2.31620733333333,42,"1SW",463
"507","1974_27990",2.22309466666667,45,"1SW",548
"508","1984_28091",1.85561666666667,42,"1SW",460
"509","1970_28161",1.96175933333333,40,"1SW",472
"510","1970_28164",2.53705733333333,50,"1SW",486
"511","1970_28280",2.52454466666667,45,"1SW",468
"512","1972_28363",2.56188666666667,41,"1SW",451
"513","1970_28367",2.305888,42,"1SW",499
"514","1970_28386",2.64883,44,"1SW",475
"515","1970_28448",2.140306,43,"1SW",517
"516","1984_28454",2.75003466666667,57,"1SW",553
"517","1984_28483",2.55027533333333,47,"1SW",567
"518","1982_28573",2.190148,44,"1SW",456
"519","1970_28692",1.946916,38,"1SW",462
"520","1972_28879",2.59371933333333,43,"1SW",486
"521","1972_29046",2.489204,49,"1SW",473
"522","1970_29159",1.60014666666667,40,"1SW",461
"523","1970_29212",2.28953133333333,42,"1SW",486
"524","1970_29523",1.907854,41,"1SW",500
"525","1970_29527",2.09535533333333,37,"1SW",560
"526","1982_29673",2.37182333333333,39,"1SW",465
"527","1974_29732",2.299588,43,"1SW",478
"528","1970_29843",1.84208,40,"1SW",536
"529","1970_29873",2.38781733333333,49,"1SW",490
"530","1970_29900",2.197824,43,"1SW",529
"531","1970_29951",1.965464,38,"1SW",453
"532","1972_29964",2.67608,46,"1SW",468
"533","1970_30130",2.25538066666667,44,"1SW",556
"534","1972_30305",3.12808866666667,46,"1SW",478
"535","1970_30307",1.82898533333333,38,"1SW",453
"536","1970_30331",3.56578,61,"1SW",499
"537","1970_30822",1.92125266666667,38,"1SW",519
"538","1970_30946",2.40206266666667,45,"1SW",461
"539","1970_30951",2.29970466666667,38,"1SW",516
"540","1970_31310",3.211802,47,"1SW",562
"541","1970_31336",2.630332,47,"1SW",510
"542","1970_31404",2.25272466666667,36,"1SW",480
"543","1972_31484",2.23200533333333,41,"1SW",484
"544","1984_31612",2.604924,49,"1SW",528
"545","1970_31979",2.05249266666667,46,"1SW",517
"546","1970_32128",3.55851733333333,57,"1SW",549
"547","1972_32174",2.67830533333333,48,"1SW",492
"548","1984_32407",2.33826,52,"1SW",540
"549","1974_32481",2.675466,46,"1SW",588
"550","1972_32567",2.82210666666667,48,"1SW",446
"551","1970_32582",2.45845333333333,46,"1SW",530
"552","1970_32616",2.461034,46,"1SW",483
"553","1970_32646",2.44174666666667,45,"1SW",526
"554","1984_32719",1.800246,40,"1SW",439
"555","1974_32838",1.70786133333333,38,"1SW",419
"556","1970_33093",2.20675,44,"1SW",474
"557","1970_33268",3.41789333333333,53,"1SW",482
"558","1970_33327",2.47680466666667,50,"1SW",463
"559","1970_33373",2.477986,50,"1SW",497
"560","1974_33446",2.095246,38,"1SW",502
"561","1970_33518",2.53952466666667,45,"1SW",527
"562","1982_33767",1.84769066666667,36,"1SW",453
"563","1970_33847",2.70790333333333,45,"1SW",433
"564","1970_33879",1.895364,40,"1SW",455
"565","1970_34079",3.13803666666667,52,"1SW",486
"566","1970_34100",1.87472533333333,40,"1SW",460
"567","1970_34156",2.93719933333333,51,"1SW",479
"568","1970_34306",2.49145666666667,50,"1SW",475
"569","1970_34535",1.71330733333333,33,"1SW",482
"570","1970_34660",2.41798266666667,49,"1SW",475
"571","1982_34786",1.82623333333333,38,"1SW",437
"572","1970_34911",1.88203133333333,42,"1SW",519
"573","1970_35147",2.364342,41,"1SW",530
"574","1970_35148",3.12149533333333,49,"1SW",488
"575","1970_35278",2.013866,45,"1SW",473
"576","1970_35451",2.498272,44,"1SW",526
"577","1974_35558",3.10265133333333,55,"1SW",572
"578","1970_35702",2.74699533333333,49,"1SW",435
"579","1972_35738",2.416768,39,"1SW",395
"580","1970_35880",2.047864,43,"1SW",493
"581","1970_35918",2.21425533333333,40,"1SW",509
"582","1974_35986",2.37509266666667,45,"1SW",436
"583","1974_36024",1.83566266666667,39,"1SW",433
"584","1970_36379",2.65112666666667,49,"1SW",491
"585","1982_36913",2.33159066666667,40,"1SW",422
"586","1974_36956",2.91088933333333,44,"1SW",446
"587","1970_36998",2.607988,44,"1SW",530
"588","1970_37217",1.665262,31,"1SW",478
"589","1970_37322",2.95816866666667,55,"1SW",517
"590","1970_37401",2.51595666666667,42,"1SW",429
"591","1984_37407",2.477824,50,"1SW",481
"592","1970_37469",1.97259066666667,39,"1SW",454
"593","1970_37581",1.59417,28,"1SW",471
"594","1970_37755",2.671154,47,"1SW",509
"595","1970_37767",2.2284,41,"1SW",489
"596","1970_37989",1.760896,35,"1SW",565
"597","1970_38185",1.58724133333333,39,"1SW",457
"598","1984_38358",2.80177533333333,55,"1SW",548
"599","1970_38455",2.155816,44,"1SW",479
"600","1970_38592",2.549266,47,"1SW",491
"601","1974_38694",2.02251333333333,37,"1SW",435
"602","1970_38846",1.51091066666667,29,"1SW",417
"603","1970_39134",3.57328866666667,60,"1SW",485
"604","1970_39135",2.233786,40,"1SW",499
"605","1970_39350",1.646254,48,"1SW",456
"606","1970_39395",2.21083466666667,40,"1SW",497
"607","1972_39443",2.51618666666667,47,"1SW",466
"608","1970_39576",2.121836,48,"1SW",460
"609","1970_39629",2.32227666666667,44,"1SW",487
"610","1970_39657",1.460344,35,"1SW",493
"611","1972_39787",2.54685533333333,40,"1SW",469
"612","1970_39822",2.37289133333333,44,"1SW",464
"613","1970_40385",2.07158666666667,37,"1SW",549
"614","1974_40503",3.24731266666667,52,"1SW",546
"615","1982_40929",1.99572666666667,43,"1SW",532
"616","1970_41245",2.32124,39,"1SW",509
"617","1974_41302",2.18897933333333,39,"1SW",399
"618","1974_41452",2.173982,41,"1SW",426
"619","1984_41465",2.800678,51,"1SW",553
"620","1970_41742",2.1888,50,"1SW",541
"621","1972_41831",2.56898866666667,46,"1SW",496
"622","1974_41985",2.13698666666667,46,"1SW",469
"623","1970_41990",2.41882933333333,45,"1SW",485
"624","1972_42137",2.67307933333333,48,"1SW",426
"625","1970_42229",3.12643666666667,55,"1SW",499
"626","1970_42438",2.01887133333333,40,"1SW",464
"627","1970_42596",1.62993333333333,34,"1SW",499
"628","1970_42767",1.46638666666667,31,"1SW",504
"629","1972_42804",2.11275066666667,39,"1SW",390
"630","1970_42949",2.469932,50,"1SW",506
"631","1970_43119",2.14460666666667,40,"1SW",501
"632","1970_43155",2.08955,49,"1SW",496
"633","1970_43328",2.48333,44,"1SW",476
"634","1984_43389",2.462416,45,"1SW",464
"635","1970_43425",2.61252466666667,43,"1SW",483
"636","1970_43504",1.85493866666667,38,"1SW",471
"637","1972_43593",2.62699466666667,39,"1SW",481
"638","1982_43759",1.535766,38,"1SW",453
"639","1970_43802",2.39607066666667,44,"1SW",517
"640","1970_43871",1.49080266666667,37,"1SW",444
"641","1970_44137",2.48821133333333,48,"1SW",445
"642","1984_44355",2.48664333333333,42,"1SW",478
"643","1972_44477",2.82917266666667,51,"1SW",490
"644","1970_44514",2.40447266666667,37,"1SW",494
"645","1970_44804",2.69590466666667,49,"1SW",578
"646","1970_44966",1.63972333333333,37,"1SW",461
"647","1970_45016",2.14218933333333,47,"1SW",520
"648","1970_45092",3.204818,55,"1SW",518
"649","1970_45181",2.68228066666667,44,"1SW",460
"650","1970_45312",2.76747733333333,51,"1SW",490
"651","1984_45358",2.57382266666667,49,"1SW",535
"652","1982_45596",1.98892866666667,47,"1SW",505
"653","1970_45816",2.47779333333333,52,"1SW",582
"654","1970_45877",2.179368,42,"1SW",479
"655","1970_45979",2.36566266666667,41,"1SW",548
"656","1984_46076",2.22088533333333,45,"1SW",551
"657","1970_46153",2.32054,38,"1SW",497
"658","1970_46189",2.80134133333333,49,"1SW",464
"659","1970_46416",2.33961133333333,46,"1SW",488
"660","1970_46519",2.26736333333333,43,"1SW",491
"661","1970_46524",2.45257066666667,47,"1SW",491
"662","1970_46600",2.354134,42,"1SW",456
"663","1972_46696",2.49305,42,"1SW",452
"664","1970_46790",1.903424,39,"1SW",527
"665","1970_46976",2.018604,35,"1SW",509
"666","1972_47254",2.47054266666667,44,"1SW",478
"667","1970_47411",2.58661066666667,42,"1SW",474
"668","1970_47517",2.04780466666667,39,"1SW",421
"669","1970_47586",2.38891,38,"1SW",495
"670","1970_47695",2.88032533333333,49,"1SW",521
"671","1970_47862",2.431396,42,"1SW",486
"672","1970_47867",1.7124,39,"1SW",422
"673","1970_47985",2.37492666666667,46,"1SW",513
"674","1970_48037",2.49528,48,"1SW",473
"675","1984_48096",2.25458666666667,42,"1SW",466
"676","1970_48163",2.84513066666667,52,"1SW",521
"677","1970_48434",1.9452,35,"1SW",490
"678","1970_48514",2.37854333333333,45,"1SW",506
"679","1970_48635",2.64165,42,"1SW",467
"680","1970_48719",1.957328,43,"1SW",421
"681","1970_48931",2.53454333333333,41,"1SW",468
"682","1970_49145",2.53113333333333,49,"1SW",469
"683","1970_49250",2.93774333333333,53,"1SW",523
"684","1972_49843",2.439622,45,"1SW",477
"685","1970_49998",2.56562,47,"1SW",499
"686","1983_50023",2.06147333333333,43,"1SW",485
"687","1970_50570",2.3634,45,"1SW",491
"688","1972_50572",1.80445133333333,34,"1SW",445
"689","1972_50582",2.438434,36,"1SW",450
"690","1984_50588",2.19230933333333,39,"1SW",463
"691","1970_50769",2.23758666666667,47,"1SW",456
"692","1970_50847",3.07845733333333,65,"1SW",474
"693","1983_50861",2.806194,47,"1SW",431
"694","1970_50937",2.070426,43,"1SW",472
"695","1970_51105",1.91001666666667,42,"1SW",488
"696","1970_51172",2.61868333333333,46,"1SW",470
"697","1970_51190",1.89110066666667,38,"1SW",559
"698","1970_51362",1.881094,39,"1SW",478
"699","1970_51487",1.93605466666667,39,"1SW",508
"700","1984_51508",2.637084,46,"1SW",565
"701","1970_51524",2.269156,52,"1SW",536
"702","1970_51787",2.04572,37,"1SW",489
"703","1970_51796",2.871368,49,"1SW",533
"704","1970_51893",2.150388,42,"1SW",473
"705","1970_51969",2.86830933333333,51,"1SW",479
"706","1970_51981",2.83167133333333,53,"1SW",479
"707","1970_52097",3.07015533333333,52,"1SW",488
"708","1970_52370",1.824956,43,"1SW",424
"709","1972_52612",1.91598,36,"1SW",451
"710","1970_52650",2.26941,44,"1SW",454
"711","1970_52696",2.657968,47,"1SW",445
"712","1984_52786",2.28713133333333,45,"1SW",452
"713","1972_52827",2.49992933333333,41,"1SW",478
"714","1970_52903",3.28442,59,"1SW",531
"715","1970_53034",1.95315466666667,39,"1SW",467
"716","1983_53055",1.75617333333333,36,"1SW",442
"717","1983_53089",1.93287933333333,37,"1SW",442
"718","1970_53104",2.31833933333333,42,"1SW",468
"719","1970_53107",2.45086266666667,43,"1SW",516
"720","1970_53135",3.49625933333333,58,"1SW",531
"721","1984_53165",2.29834066666667,45,"1SW",569
"722","1970_53173",2.895646,51,"1SW",519
"723","1970_53292",2.40258333333333,43,"1SW",498
"724","1970_53484",2.51968666666667,47,"1SW",468
"725","1983_53712",1.54867466666667,36,"1SW",422
"726","1983_53737",2.69427,54,"1SW",496
"727","1970_53899",2.86716733333333,52,"1SW",488
"728","1970_53946",2.503956,45,"1SW",549
"729","1970_53991",2.66558133333333,46,"1SW",489
"730","1970_54856",2.70344933333333,52,"1SW",519
"731","1970_54910",2.993692,55,"1SW",492
"732","1970_54942",1.93591733333333,39,"1SW",452
"733","1970_55133",3.07145866666667,53,"1SW",499
"734","1970_55285",2.489294,45,"1SW",541
"735","1970_55300",1.61980466666667,38,"1SW",450
"736","1970_55437",2.41572,45,"1SW",454
"737","1970_55572",2.05263333333333,40,"1SW",455
"738","1984_55816",2.205834,46,"1SW",462
"739","1970_56267",1.93184533333333,39,"1SW",490
"740","1984_56320",1.87409266666667,40,"1SW",448
"741","1970_56456",2.26636666666667,39,"1SW",526
"742","1984_56951",2.55422866666667,49,"1SW",478
"743","1970_56974",2.728398,44,"1SW",482
"744","1984_57044",2.71962,40,"1SW",478
"745","1970_57092",2.426388,46,"1SW",489
"746","1972_57409",2.398526,42,"1SW",460
"747","1970_57524",2.82611266666667,52,"1SW",542
"748","1972_58243",2.04488266666667,39,"1SW",456
"749","1983_58515",2.43488933333333,52,"1SW",550
"750","1973_58609",2.2806,44,"1SW",458
"751","1973_58770",1.94292266666667,39,"1SW",467
"752","1972_59176",2.700266,48,"1SW",479
"753","1973_59497",2.22616666666667,42,"1SW",487
"754","1983_59592",1.775856,38,"1SW",497
"755","1973_59898",2.209112,44,"1SW",461
"756","1973_60035",1.87953066666667,36,"1SW",418
"757","1973_60126",2.86010066666667,46,"1SW",560
"758","1972_60129",2.69421066666667,44,"1SW",468
"759","1972_60146",2.60435466666667,44,"1SW",484
"760","1973_60239",1.34405933333333,33,"1SW",459
"761","1984_60268",1.88198,44,"1SW",567
"762","1973_60304",2.06465866666667,38,"1SW",428
"763","1973_60337",2.47505333333333,43,"1SW",436
"764","1972_60534",2.529702,48,"1SW",517
"765","1972_60544",2.291466,37,"1SW",427
"766","1973_60655",2.07504333333333,37,"1SW",444
"767","1972_60733",2.961906,44,"1SW",479
"768","1973_60895",2.853392,42,"1SW",446
"769","1973_61100",1.57883733333333,34,"1SW",454
"770","1973_61222",2.260376,50,"1SW",582
"771","1973_61260",2.319876,42,"1SW",473
"772","1972_61399",1.78897866666667,34,"1SW",395
"773","1973_61456",2.661616,46,"1SW",462
"774","1984_61533",2.18975666666667,40,"1SW",458
"775","1973_61622",2.22200933333333,41,"1SW",465
"776","1973_61636",1.742366,39,"1SW",448
"777","1972_61753",2.574612,44,"1SW",477
"778","1972_61810",1.98381933333333,35,"1SW",384
"779","1973_62137",2.459824,37,"1SW",405
"780","1973_62188",2.33077,40,"1SW",445
"781","1973_62644",1.73708,37,"1SW",403
"782","1973_63041",2.274024,43,"1SW",476
"783","1973_63105",2.51777533333333,42,"1SW",465
"784","1973_63354",2.15726066666667,41,"1SW",451
"785","1973_63468",2.74229133333333,49,"1SW",560
"786","1983_63861",2.00937466666667,41,"1SW",446
"787","1973_63918",2.477444,44,"1SW",455
"788","1972_63938",1.86716933333333,36,"1SW",516
"789","1983_64148",2.62349533333333,46,"1SW",478
"790","1972_64185",1.97366,41,"1SW",488
"791","1973_64481",2.17765866666667,44,"1SW",456
"792","1973_64512",2.24620933333333,42,"1SW",442
"793","1973_64684",2.70562333333333,47,"1SW",445
"794","1973_64765",2.658066,49,"1SW",453
"795","1973_64818",2.391376,45,"1SW",469
"796","1973_64979",1.887174,40,"1SW",451
"797","1983_64981",2.24800533333333,43,"1SW",474
"798","1973_65265",2.49450666666667,45,"1SW",462
"799","1973_65351",2.35764933333333,38,"1SW",439
"800","1973_65657",1.96406133333333,40,"1SW",445
"801","1973_65753",2.33565133333333,40,"1SW",455
"802","1973_66360",2.706714,49,"1SW",560
"803","1973_66499",1.94698866666667,37,"1SW",455
"804","1973_66720",2.27717733333333,38,"1SW",459
"805","1973_66722",2.32711866666667,43,"1SW",443
"806","1973_66899",2.81864066666667,49,"1SW",456
"807","1983_67082",2.27000666666667,38,"1SW",554
"808","1973_67109",2.518396,46,"1SW",474
"809","1973_67310",2.54332866666667,50,"1SW",461
"810","1983_67347",2.213962,45,"1SW",455
"811","1973_67383",2.61604933333333,44,"1SW",448
"812","1973_67387",2.78154933333333,51,"1SW",548
"813","1973_67452",2.706864,54,"1SW",464
"814","1973_67460",2.11327466666667,42,"1SW",445
"815","1973_67483",2.760254,46,"1SW",468
"816","1975_67863",2.654262,49,"1SW",573
"817","1983_68013",2.14755733333333,44,"1SW",483
"818","1983_68114",1.32471066666667,35,"1SW",487
"819","1975_68134",2.00400666666667,34,"1SW",436
"820","1973_68137",2.11500866666667,35,"1SW",461
"821","1973_68707",2.091594,40,"1SW",464
"822","1983_68779",2.83690666666667,48,"1SW",476
"823","1984_68881",2.65525466666667,46,"1SW",497
"824","1983_68953",2.86708666666667,55,"1SW",572
"825","1984_69134",2.59316733333333,51,"1SW",554
"826","1973_69242",2.614562,47,"1SW",440
"827","1983_69465",2.0631,45,"1SW",463
"828","1984_69509",2.315034,46,"1SW",540
"829","1973_69922",2.20582,44,"1SW",455
"830","1973_70155",2.310098,46,"1SW",444
"831","1975_70223",2.1037,41,"1SW",466
"832","1971_70308",2.392824,46,"1SW",482
"833","1971_70319",2.270464,40,"1SW",497
"834","1973_70346",1.81224266666667,38,"1SW",454
"835","1973_70509",2.62520133333333,44,"1SW",484
"836","1973_70619",2.08714666666667,38,"1SW",425
"837","1971_71017",2.73010733333333,43,"1SW",501
"838","1973_71071",2.39293666666667,44,"1SW",460
"839","1973_71215",2.34656,47,"1SW",451
"840","1983_71232",2.28963466666667,40,"1SW",527
"841","1975_71243",2.57025333333333,42,"1SW",448
"842","1975_71363",1.48867333333333,37,"1SW",476
"843","1973_71462",1.75790133333333,38,"1SW",471
"844","1975_71472",1.373172,29,"1SW",399
"845","1975_71633",1.74672,36,"1SW",423
"846","1975_71670",2.66431333333333,46,"1SW",446
"847","1971_71684",2.71901133333333,49,"1SW",486
"848","1971_71747",2.37770133333333,44,"1SW",501
"849","1975_71750",1.90522733333333,47,"1SW",456
"850","1973_72024",2.00594933333333,42,"1SW",469
"851","1973_72156",2.22423333333333,41,"1SW",460
"852","1973_72290",2.74852,47,"1SW",477
"853","1973_72413",3.071274,49,"1SW",593
"854","1973_72492",2.190592,45,"1SW",452
"855","1973_72494",2.39114666666667,43,"1SW",469
"856","1973_72644",2.14403866666667,40,"1SW",443
"857","1971_72762",2.163942,44,"1SW",461
"858","1983_72783",2.33267866666667,50,"1SW",482
"859","1983_72785",2.30506666666667,45,"1SW",521
"860","1975_72791",2.67727466666667,42,"1SW",457
"861","1973_72866",2.52064866666667,42,"1SW",447
"862","1973_72869",3.06139133333333,46,"1SW",458
"863","1973_72889",2.22462,50,"1SW",561
"864","1973_72989",2.32808,39,"1SW",456
"865","1973_73221",2.44955266666667,48,"1SW",472
"866","1973_73331",2.35041466666667,47,"1SW",453
"867","1971_73388",2.84221733333333,43,"1SW",508
"868","1975_73453",2.08232466666667,39,"1SW",501
"869","1973_73694",2.77682133333333,45,"1SW",447
"870","1975_73949",2.567382,39,"1SW",408
"871","1973_74146",1.84426666666667,42,"1SW",462
"872","1973_74235",2.12681133333333,48,"1SW",563
"873","1973_74307",2.09931533333333,38,"1SW",460
"874","1971_74483",2.35601866666667,42,"1SW",491
"875","1971_74572",2.293374,42,"1SW",477
"876","1973_74617",2.13111666666667,46,"1SW",576
"877","1975_74628",2.31998066666667,40,"1SW",434
"878","1971_75376",2.901296,49,"1SW",497
"879","1971_75618",2.32337866666667,47,"1SW",466
"880","1973_75974",2.71324466666667,46,"1SW",459
"881","1973_76126",2.51076666666667,43,"1SW",447
"882","1973_76222",2.15277266666667,43,"1SW",467
"883","1971_76446",2.55300133333333,40,"1SW",494
"884","1975_76456",1.81743933333333,41,"1SW",495
"885","1973_76490",1.87336333333333,39,"1SW",475
"886","1975_76526",2.11326066666667,41,"1SW",466
"887","1973_76710",2.56612733333333,49,"1SW",574
"888","1973_76713",2.498066,46,"1SW",572
"889","1975_76847",2.85080666666667,46,"1SW",444
"890","1971_76950",2.16344466666667,41,"1SW",498
"891","1971_77141",2.22908733333333,38,"1SW",502
"892","1973_77159",2.604474,55,"1SW",462
"893","1975_77159",2.477594,39,"1SW",431
"894","1971_77413",1.77301733333333,38,"1SW",478
"895","1983_77562",1.965272,39,"1SW",493
"896","1975_77887",1.99470666666667,41,"1SW",416
"897","1983_78001",2.419624,46,"1SW",489
"898","1971_78125",3.22589866666667,52,"1SW",492
"899","1973_78219",2.46759533333333,46,"1SW",461
"900","1975_78306",2.90763266666667,51,"1SW",463
"901","1973_78573",1.67492266666667,35,"1SW",456
"902","1973_78666",1.81258266666667,44,"1SW",461
"903","1975_78682",1.87830866666667,41,"1SW",462
"904","1975_78857",1.94258266666667,43,"1SW",451
"905","1973_78934",2.5598,49,"1SW",547
"906","1975_79039",2.10763533333333,41,"1SW",421
"907","1971_79040",2.58211866666667,47,"1SW",497
"908","1984_79064",2.46676133333333,39,"1SW",470
"909","1971_79098",2.35941,46,"1SW",485
"910","1973_79309",2.300632,42,"1SW",445
"911","1971_79459",3.01052,53,"1SW",486
"912","1973_79592",2.408228,45,"1SW",558
"913","1971_79650",2.04971333333333,40,"1SW",532
"914","1971_79667",3.19298866666667,58,"1SW",467
"915","1973_79805",2.56652733333333,45,"1SW",591
"916","1975_79923",2.03846866666667,40,"1SW",455
"917","1973_80011",2.12657466666667,41,"1SW",470
"918","1971_80145",2.824742,45,"1SW",498
"919","1975_80248",1.94027466666667,41,"1SW",424
"920","1971_80426",2.01383,45,"1SW",472
"921","1971_80443",2.06050866666667,36,"1SW",493
"922","1973_80598",2.617894,47,"1SW",580
"923","1973_80652",2.31926133333333,40,"1SW",468
"924","1983_80732",1.90644466666667,38,"1SW",474
"925","1975_80754",2.50844,46,"1SW",454
"926","1973_80780",2.25347866666667,43,"1SW",461
"927","1975_80875",1.99205333333333,41,"1SW",455
"928","1973_80912",1.82421,37,"1SW",456
"929","1984_80923",1.50617066666667,38,"1SW",459
"930","1973_81092",2.473824,44,"1SW",451
"931","1971_81146",1.97958866666667,36,"1SW",474
"932","1973_81208",2.041586,34,"1SW",427
"933","1983_81439",1.89324466666667,30,"1SW",491
"934","1975_81538",2.727134,49,"1SW",427
"935","1973_81542",2.32059266666667,42,"1SW",462
"936","1975_81555",1.88101666666667,37,"1SW",431
"937","1973_81605",2.449146,51,"1SW",456
"938","1973_81627",2.514786,46,"1SW",515
"939","1975_81650",1.51757333333333,35,"1SW",438
"940","1975_81669",2.183446,33,"1SW",415
"941","1971_81833",2.38562266666667,48,"1SW",505
"942","1971_81861",2.481614,41,"1SW",483
"943","1984_81928",3.163014,54,"1SW",540
"944","1973_81960",2.07457133333333,40,"1SW",450
"945","1973_82043",2.13075866666667,42,"1SW",583
"946","1971_82071",2.909768,45,"1SW",498
"947","1984_82438",2.26005666666667,47,"1SW",498
"948","1973_82503",2.07911,39,"1SW",439
"949","1971_82651",2.807102,44,"1SW",503
"950","1973_82655",3.81119333333333,67,"1SW",464
"951","1973_82777",2.66768933333333,48,"1SW",519
"952","1975_82960",2.11450733333333,43,"1SW",442
"953","1975_83150",2.27628866666667,44,"1SW",427
"954","1973_83216",1.966832,40,"1SW",445
"955","1973_83297",2.42674266666667,46,"1SW",545
"956","1973_83318",3.04408666666667,54,"1SW",456
"957","1973_83335",2.33235133333333,39,"1SW",440
"958","1971_83374",2.30351333333333,41,"1SW",448
"959","1975_83503",2.32963066666667,46,"1SW",457
"960","1975_83912",2.92106,47,"1SW",523
"961","1975_83989",3.69885533333333,68,"1SW",391
"962","1975_84054",2.55780733333333,44,"1SW",426
"963","1971_84429",2.30431933333333,38,"1SW",456
"964","1975_84526",2.26246866666667,45,"1SW",475
"965","1971_84562",2.13442,35,"1SW",470
"966","1973_84583",2.62122,45,"1SW",477
"967","1973_84779",3.73309266666667,68,"1SW",477
"968","1973_84815",2.36173333333333,46,"1SW",454
"969","1973_84864",1.70105066666667,39,"1SW",555
"970","1971_85002",1.79536133333333,40,"1SW",499
"971","1984_85283",1.85769133333333,43,"1SW",472
"972","1971_85367",2.25602933333333,38,"1SW",509
"973","1971_85686",2.32212933333333,41,"1SW",474
"974","1973_85847",2.61471333333333,45,"1SW",473
"975","1973_85857",1.71149666666667,35,"1SW",469
"976","1973_85999",2.23258133333333,42,"1SW",445
"977","1973_86152",2.34605866666667,42,"1SW",468
"978","1973_86213",2.22328533333333,44,"1SW",462
"979","1975_86469",2.452082,47,"1SW",438
"980","1971_86556",2.060068,39,"1SW",472
"981","1971_86573",2.15072066666667,38,"1SW",477
"982","1975_86761",2.30433466666667,38,"1SW",448
"983","1975_86775",1.75230133333333,39,"1SW",455
"984","1973_86953",2.32874533333333,39,"1SW",452
"985","1984_86971",2.14342733333333,45,"1SW",571
"986","1975_87150",2.54627133333333,50,"1SW",548
"987","1975_87338",2.26419866666667,44,"1SW",416
"988","1973_87346",2.77981466666667,52,"1SW",467
"989","1975_87368",2.26997333333333,46,"1SW",458
"990","1973_87521",2.41568133333333,44,"1SW",458
"991","1973_87926",2.09264533333333,45,"1SW",430
"992","1984_87946",2.89355933333333,54,"1SW",539
"993","1973_87965",2.198948,46,"1SW",452
"994","1975_88142",2.45517533333333,45,"1SW",472
"995","1973_88336",3.167958,59,"1SW",541
"996","1983_88358",2.43882866666667,45,"1SW",479
"997","1973_88487",2.2297,43,"1SW",453
"998","1973_88548",2.55464533333333,44,"1SW",439
"999","1973_88968",1.76040533333333,40,"1SW",453
"1000","1975_89599",1.98369333333333,38,"1SW",427
"1001","1975_89606",2.261402,37,"1SW",454
"1002","1975_89876",2.3697,44,"1SW",463
"1003","1984_89993",1.87406266666667,45,"1SW",548
"1004","1971_90296",1.89790533333333,33,"1SW",497
"1005","1973_90342",2.55879866666667,47,"1SW",565
"1006","1971_90623",2.42579466666667,41,"1SW",479
"1007","1971_90625",2.52929733333333,46,"1SW",467
"1008","1973_90629",2.31985866666667,46,"1SW",460
"1009","1973_90757",2.34724,41,"1SW",473
"1010","1973_90867",2.28045333333333,36,"1SW",456
"1011","1971_90904",2.40374066666667,48,"1SW",538
"1012","1973_90944",2.282156,44,"1SW",444
"1013","1973_91047",2.30168666666667,42,"1SW",447
"1014","1973_91061",2.275782,41,"1SW",458
"1015","1971_91124",2.177908,36,"1SW",483
"1016","1973_91201",2.341272,46,"1SW",452
"1017","1973_91223",2.92354466666667,51,"1SW",514
"1018","1984_91254",2.417872,44,"1SW",492
"1019","1973_91383",2.15735133333333,44,"1SW",415
"1020","1973_91426",2.322908,38,"1SW",449
"1021","1973_91573",1.53825333333333,41,"1SW",459
"1022","1973_91725",1.723668,39,"1SW",459
"1023","1973_91749",1.92890933333333,40,"1SW",473
"1024","1971_91863",2.27245466666667,32,"1SW",508
"1025","1973_92413",2.23734666666667,46,"1SW",528
"1026","1973_92415",2.96331066666667,57,"1SW",574
"1027","1973_92457",2.51696466666667,43,"1SW",458
"1028","1973_92594",2.07513866666667,46,"1SW",519
"1029","1973_92685",2.64748666666667,47,"1SW",456
"1030","1973_92690",1.87863333333333,34,"1SW",476
"1031","1973_92746",2.25266466666667,44,"1SW",436
"1032","1971_92871",2.11372,40,"1SW",465
"1033","1973_92946",2.63997133333333,47,"1SW",445
"1034","1983_93026",2.37046466666667,41,"1SW",432
"1035","1971_93051",2.042986,38,"1SW",476
"1036","1984_93160",2.270018,47,"1SW",538
"1037","1973_93314",1.743924,36,"1SW",476
"1038","1973_93333",1.68443,35,"1SW",442
"1039","1971_93794",2.19819933333333,42,"1SW",502
"1040","1971_94005",2.551356,39,"1SW",461
"1041","1971_94491",2.22526666666667,40,"1SW",470
"1042","1974_95452",1.900488,41,"1SW",457
"1043","1971_95475",2.49799466666667,44,"1SW",483
"1044","1971_95888",1.76982,32,"1SW",451
"1045","1983_95914",1.60836066666667,33,"1SW",440
"1046","1971_96030",2.25865133333333,45,"1SW",458
"1047","1974_96321",2.56578,43,"1SW",428
"1048","1974_96694",2.48839733333333,42,"1SW",427
"1049","1974_96910",2.38031933333333,42,"1SW",436
"1050","1974_97225",2.88263333333333,56,"1SW",534
"1051","1974_97581",2.53603533333333,44,"1SW",526
"1052","1974_97647",2.25073066666667,43,"1SW",487
"1053","1984_97804",2.01792,41,"1SW",458
"1054","1974_98141",2.72344133333333,47,"1SW",489
"1055","1974_98575",2.839702,53,"1SW",541
"1056","1974_98909",2.31536733333333,48,"1SW",526
"1057","1971_99229",2.00757866666667,35,"1SW",470
"1058","1985_103655",2.329992,47,"1SW",509
"1059","1985_105589",2.63983133333333,46,"1SW",475
"1060","1985_106051",1.86533,29,"1SW",474
"1061","1985_106273",2.31826533333333,42,"1SW",485
"1062","1985_106651",2.43668666666667,43,"1SW",442
"1063","1985_113858",2.36643,42,"1SW",463
"1064","1985_115859",2.45670266666667,49,"1SW",443
"1065","1977_120119",2.12572933333333,45,"1SW",468
"1066","1977_121708",2.44046466666667,41,"1SW",462
"1067","1985_122115",2.07040533333333,48,"1SW",453
"1068","1985_122290",2.74692133333333,46,"1SW",478
"1069","1985_123589",2.44410066666667,41,"1SW",439
"1070","1985_125137",2.72738866666667,56,"1SW",475
"1071","1985_126152",2.531136,47,"1SW",475
"1072","1985_128202",2.00446933333333,43,"1SW",476
"1073","1985_128876",2.94161866666667,52,"1SW",466
"1074","1985_129272",2.30472333333333,44,"1SW",475
"1075","1977_130948",3.174762,47,"1SW",493
"1076","1977_131478",1.921186,37,"1SW",433
"1077","1985_132248",2.42073266666667,46,"1SW",472
"1078","1977_133463",2.08533933333333,42,"1SW",498
"1079","1985_133755",2.64626933333333,48,"1SW",476
"1080","1985_134450",2.55045466666667,46,"1SW",482
"1081","1977_137056",2.839932,44,"1SW",491
"1082","1979_140003",2.553912,51,"1SW",458
"1083","1979_140519",2.64399133333333,49,"1SW",430
"1084","1979_140784",2.40873466666667,51,"1SW",457
"1085","1979_141246",2.119536,35,"1SW",422
"1086","1979_141788",1.46863333333333,35,"1SW",448
"1087","1979_142023",2.22816266666667,45,"1SW",581
"1088","1979_142035",2.21241133333333,39,"1SW",435
"1089","1979_142088",2.51392666666667,49,"1SW",477
"1090","1979_142132",1.62837066666667,36,"1SW",445
"1091","1979_142586",2.328168,46,"1SW",431
"1092","1985_142622",2.41208733333333,43,"1SW",465
"1093","1979_142714",1.9708,38,"1SW",421
"1094","1979_142741",2.595522,50,"1SW",590
"1095","1979_143373",1.83183333333333,36,"1SW",448
"1096","1985_143708",1.98919466666667,38,"1SW",473
"1097","1979_143852",1.486482,30,"1SW",469
"1098","1979_144226",2.20827133333333,35,"1SW",422
"1099","1979_144434",1.71151333333333,38,"1SW",420
"1100","1979_145290",2.94273066666667,47,"1SW",403
"1101","1979_145508",2.37508133333333,45,"1SW",420
"1102","1979_145595",1.86881533333333,34,"1SW",416
"1103","1979_146018",1.86523466666667,38,"1SW",483
"1104","1979_147252",1.59511333333333,38,"1SW",434
"1105","1979_148116",2.48136533333333,42,"1SW",463
"1106","1985_148149",2.84974,50,"1SW",476
"1107","1979_148265",1.69812666666667,41,"1SW",425
"1108","1979_149295",1.31481933333333,28,"1SW",439
"1109","1979_149748",2.34026666666667,52,"1SW",455
"1110","1979_149933",2.42951466666667,36,"1SW",452
"1111","1979_150474",1.673428,41,"1SW",451
"1112","1985_150944",1.939,40,"1SW",432
"1113","1979_151681",2.19328133333333,36,"1SW",420
"1114","1979_151880",2.626516,45,"1SW",452
"1115","1979_152814",1.81022466666667,35,"1SW",455
"1116","1979_153132",2.583486,50,"1SW",575
"1117","1979_153978",2.24073733333333,44,"1SW",465
"1118","1979_154579",2.31705466666667,47,"1SW",458
"1119","1979_154681",1.99078333333333,39,"1SW",453
"1120","1979_154731",1.984418,44,"1SW",438
"1121","1979_154957",1.97310733333333,39,"1SW",425
"1122","1979_155266",2.43590866666667,54,"1SW",579
"1123","1979_155480",2.48923933333333,40,"1SW",427
"1124","1979_156568",1.64194933333333,35,"1SW",449
"1125","1979_157212",2.017534,39,"1SW",420
"1126","1979_157415",1.854836,40,"1SW",462
"1127","1979_157843",2.14148333333333,43,"1SW",428
"1128","1979_157859",2.220984,39,"1SW",433
"1129","1979_158128",2.29729933333333,43,"1SW",431
"1130","1979_158159",1.99493866666667,38,"1SW",455
"1131","1985_158418",2.42928266666667,46,"1SW",481
"1132","1979_158987",2.16308466666667,43,"1SW",419
"1133","1979_159061",1.74421066666667,39,"1SW",420
"1134","1979_159331",2.969888,49,"1SW",433
"1135","1979_159503",2.137846,39,"1SW",458
"1136","1979_161678",2.25483466666667,42,"1SW",450
"1137","1979_161698",2.300978,43,"1SW",425
"1138","1979_162772",2.510752,51,"1SW",572
"1139","1979_162789",2.108506,47,"1SW",423
"1140","1979_163334",2.54028666666667,40,"1SW",424
"1141","1979_163712",2.826974,46,"1SW",531
"1142","1985_163797",2.187926,40,"1SW",480
"1143","1979_163976",2.48037,38,"1SW",440
"1144","1979_164429",2.120208,41,"1SW",426
"1145","1979_164950",2.53430066666667,43,"1SW",458
"1146","1979_166922",2.25277333333333,46,"1SW",444
"1147","1985_167065",1.770688,42,"1SW",482
"1148","1985_167367",1.79336066666667,36,"1SW",463
"1149","1985_169249",2.23651333333333,47,"1SW",472
"1150","1985_169249",2.23651333333333,47,"1SW",472
"1151","1979_169480",2.16312266666667,44,"1SW",410
"1152","1979_169552",2.249596,46,"1SW",428
"1153","1979_169664",2.18148533333333,40,"1SW",458
"1154","1979_170398",2.56460266666667,39,"1SW",458
"1155","1979_170887",2.58180533333333,49,"1SW",456
"1156","1979_171261",2.12370466666667,44,"1SW",450
"1157","1985_171475",2.561496,47,"1SW",438
"1158","1979_171839",2.01189733333333,37,"1SW",455
"1159","1985_171865",2.207744,43,"1SW",477
"1160","1979_172125",2.32266066666667,43,"1SW",437
"1161","1979_173265",1.931136,37,"1SW",423
"1162","1979_173538",2.19710333333333,47,"1SW",447
"1163","1979_173547",1.98318066666667,40,"1SW",439
"1164","1979_173799",1.64171,35,"1SW",441
"1165","1985_174034",2.27974666666667,38,"1SW",441
"1166","1979_174359",2.558426,48,"1SW",463
"1167","1979_174478",2.02867133333333,40,"1SW",431
"1168","1979_175508",2.18943866666667,41,"1SW",411
"1169","1979_175569",2.31676933333333,53,"1SW",438
"1170","1979_175890",1.971482,37,"1SW",404
"1171","1985_175910",2.11057666666667,38,"1SW",483
"1172","1979_175944",1.64721133333333,36,"1SW",442
"1173","1985_176428",1.99329933333333,44,"1SW",475
"1174","1979_176468",2.59127266666667,48,"1SW",468
"1175","1979_176636",2.33500533333333,41,"1SW",437
"1176","1979_176824",2.69242866666667,42,"1SW",419
"1177","1979_176936",2.42122666666667,46,"1SW",580
"1178","1979_177283",1.91914733333333,32,"1SW",424
"1179","1979_177311",1.808768,40,"1SW",452
"1180","1979_177525",2.48326733333333,44,"1SW",448
"1181","1979_177545",2.051952,32,"1SW",418
"1182","1979_177562",2.668068,43,"1SW",428
"1183","1979_177575",2.844684,50,"1SW",472
"1184","1985_177928",1.96446666666667,42,"1SW",472
"1185","1979_177989",2.561726,44,"1SW",453
"1186","1979_178226",2.39908333333333,49,"1SW",441
"1187","1979_178455",1.91575733333333,39,"1SW",411
"1188","1979_178694",2.07250133333333,37,"1SW",414
"1189","1979_178696",2.07041066666667,34,"1SW",429
"1190","1979_178883",2.224218,37,"1SW",418
"1191","1985_179218",2.305386,46,"1SW",472
"1192","1985_179503",2.013044,45,"1SW",470
"1193","1979_179769",2.91171866666667,51,"1SW",555
"1194","1979_180026",2.50584533333333,43,"1SW",417
"1195","1985_180279",2.195026,44,"1SW",471
"1196","1979_180491",2.24334266666667,43,"1SW",445
"1197","1979_180930",1.65892066666667,30,"1SW",448
"1198","1985_181109",2.48452266666667,47,"1SW",473
"1199","1979_181505",1.555186,36,"1SW",536
"1200","1979_181586",2.215776,42,"1SW",465
"1201","1979_182065",2.04394,42,"1SW",420
"1202","1979_182135",2.563172,48,"1SW",442
"1203","1979_182451",2.51859533333333,46,"1SW",458
"1204","1979_182748",2.51438866666667,43,"1SW",429
"1205","1979_183358",2.21147933333333,47,"1SW",517
"1206","1985_183711",3.037076,54,"1SW",476
"1207","1979_183886",1.32314066666667,33,"1SW",422
"1208","1979_184348",3.314092,57,"1SW",583
"1209","1979_184660",2.460346,49,"1SW",419
"1210","1979_184730",1.64838333333333,34,"1SW",410
"1211","1979_184853",2.26106466666667,37,"1SW",420
"1212","1979_184870",1.43799333333333,30,"1SW",400
"1213","1979_184891",2.539328,48,"1SW",571
"1214","1979_185019",2.20140666666667,39,"1SW",424
"1215","1979_185388",1.53576066666667,38,"1SW",463
"1216","1979_186094",2.36124133333333,47,"1SW",424
"1217","1979_186145",1.58384066666667,31,"1SW",415
"1218","1979_186286",1.94138666666667,39,"1SW",453
"1219","1985_186295",2.45119333333333,44,"1SW",475
"1220","1979_186368",1.68014066666667,36,"1SW",428
"1221","1979_187084",2.00970266666667,40,"1SW",415
"1222","1985_187092",2.51265133333333,46,"1SW",483
"1223","1979_187183",2.443658,41,"1SW",416
"1224","1979_187322",1.91883133333333,42,"1SW",451
"1225","1979_187424",2.46998666666667,48,"1SW",419
"1226","1979_187860",2.27027266666667,42,"1SW",448
"1227","1985_188203",3.09432666666667,49,"1SW",464
"1228","1979_188558",2.50752333333333,41,"1SW",536
"1229","1985_188749",2.26333733333333,40,"1SW",481
"1230","1985_188895",2.56065066666667,47,"1SW",486
"1231","1985_189590",2.20751133333333,42,"1SW",474
"1232","1979_189797",2.697742,52,"1SW",450
"1233","1985_189898",3.0617,49,"1SW",482
"1234","1979_189952",1.58912333333333,32,"1SW",395
"1235","1979_190053",2.20823533333333,40,"1SW",421
"1236","1979_190455",2.292268,41,"1SW",442
"1237","1979_190694",1.66176466666667,37,"1SW",438
"1238","1979_191087",2.30580933333333,45,"1SW",554
"1239","1979_191119",2.27314,40,"1SW",418
"1240","1979_191480",2.51590466666667,40,"1SW",441
"1241","1979_191496",1.87412066666667,35,"1SW",423
"1242","1979_191792",1.719994,36,"1SW",466
"1243","1985_191890",2.367942,43,"1SW",472
"1244","1979_192131",2.37310933333333,42,"1SW",424
"1245","1979_192179",1.65464866666667,36,"1SW",426
"1246","1979_192348",2.04992733333333,37,"1SW",415
"1247","1985_192374",2.24164133333333,41,"1SW",472
"1248","1979_192396",2.416722,42,"1SW",426
"1249","1979_193050",1.90665333333333,38,"1SW",441
"1250","1979_193263",1.798672,42,"1SW",424
"1251","1979_193567",1.821818,33,"1SW",421
"1252","1979_193682",2.39457666666667,40,"1SW",404
"1253","1979_194110",2.59621466666667,45,"1SW",576
"1254","1979_194230",2.07403,40,"1SW",436
"1255","1979_194287",2.08153333333333,38,"1SW",417
"1256","1979_194690",1.72480666666667,45,"1SW",554
"1257","1979_195499",2.34219866666667,45,"1SW",435
"1258","1985_196145",2.35092466666667,42,"1SW",474
"1259","1979_196322",2.11674733333333,38,"1SW",448
"1260","1979_197002",2.07607133333333,41,"1SW",460
"1261","1985_197909",2.43028666666667,49,"1SW",472
"1262","1979_197986",2.158922,43,"1SW",470
"1263","1979_198056",1.72945,34,"1SW",444
"1264","1979_198454",2.06156533333333,36,"1SW",430
"1265","1985_198687",2.74736066666667,47,"1SW",481
"1266","1985_198793",2.189076,44,"1SW",476
"1267","1979_199414",2.62517133333333,48,"1SW",558
"1268","1979_199433",1.79099666666667,33,"1SW",419
"1269","1979_199548",2.34076,41,"1SW",441
"1270","1979_199557",2.93475733333333,52,"1SW",428
"1271","1985_199786",3.056544,52,"1SW",476
"1272","1980_200079",2.16871866666667,42,"1SW",500
"1273","1980_200400",2.72056933333333,39,"1SW",425
"1274","1980_203517",2.70773733333333,47,"1SW",499
"1275","1980_204427",1.47022333333333,32,"1SW",447
"1276","1980_205896",2.925692,58,"1SW",574
"1277","1980_215694",2.5531,43,"1SW",549
"1278","1980_216089",2.65512666666667,52,"1SW",557
"1279","1980_217681",2.22048666666667,37,"1SW",478
"1280","1980_218912",2.48773,46,"1SW",497
"1281","1980_219098",2.231778,43,"1SW",478
"1282","1980_219127",2.21814133333333,41,"1SW",448
"1283","1980_222391",1.78477066666667,41,"1SW",472
"1284","1980_222496",2.45157333333333,47,"1SW",490
"1285","1980_224820",2.29148266666667,46,"1SW",553
"1286","1980_226180",1.79731466666667,33,"1SW",476
"1287","1980_229122",1.73903333333333,35,"1SW",408
"1288","1980_237397",1.731212,33,"1SW",414
"1289","1980_241354",1.72058733333333,40,"1SW",429
"1290","1980_243071",2.522278,47,"1SW",457
"1291","1980_245695",2.37729066666667,46,"1SW",546
"1292","1980_249782",2.14122933333333,44,"1SW",546
"1293","1981_251839",1.69417866666667,33,"1SW",427
"1294","1981_253348",1.33251733333333,31,"1SW",449
"1295","1981_255289",1.87261133333333,37,"1SW",449
"1296","1981_258359",1.681124,38,"1SW",408
"1297","1981_260198",1.88458066666667,42,"1SW",433
"1298","1981_261330",2.06678066666667,38,"1SW",421
"1299","1981_264860",2.22784866666667,43,"1SW",411
"1300","1981_265083",2.15795133333333,39,"1SW",420
"1301","1981_266335",1.45389666666667,34,"1SW",424
"1302","1981_267898",2.88689266666667,52,"1SW",540
"1303","1981_269804",2.16942666666667,37,"1SW",428
"1304","1981_269891",2.07470466666667,42,"1SW",430
"1305","1981_272965",3.51942733333333,58,"1SW",433
"1306","1981_275921",2.2732,44,"1SW",407
"1307","1981_276521",1.81196,37,"1SW",482
"1308","1981_276782",2.27213133333333,40,"1SW",439
"1309","1981_280703",2.03098466666667,38,"1SW",421
"1310","1981_281117",2.08958333333333,39,"1SW",458
"1311","1981_281173",2.23127666666667,44,"1SW",528
"1312","1981_281805",2.09292533333333,41,"1SW",481
"1313","1981_282311",2.39984733333333,46,"1SW",446
"1314","1981_284392",1.93831,40,"1SW",441
"1315","1981_284460",1.88711733333333,38,"1SW",424
"1316","1981_284543",1.845046,34,"1SW",413
"1317","1981_284884",2.32011466666667,42,"1SW",438
"1318","1981_286613",2.11239933333333,44,"1SW",561
"1319","1981_287512",1.82852533333333,38,"1SW",455
"1320","1981_288105",1.73239533333333,38,"1SW",448
"1321","1981_289521",2.30432666666667,44,"1SW",467
"1322","1981_290436",2.42800666666667,46,"1SW",458
"1323","1981_294920",2.37405066666667,40,"1SW",458
"1324","1981_296652",1.172934,29,"1SW",411
"1325","1986_306403",2.43251066666667,46,"1SW",467
"1326","1986_306477",2.59920333333333,46,"1SW",489
"1327","1986_312379",2.20281466666667,43,"1SW",482
"1328","1986_316061",1.952052,44,"1SW",446
"1329","1986_318578",2.88501,50,"1SW",476
"1330","1986_318863",2.43242933333333,49,"1SW",482
"1331","1986_319838",2.44470533333333,45,"1SW",481
"1332","1986_320350",2.78658733333333,50,"1SW",481
"1333","1986_320409",1.92267333333333,41,"1SW",451
"1334","1986_320848",1.95921666666667,38,"1SW",467
"1335","1986_323031",2.077026,39,"1SW",409
"1336","1986_323322",2.99832,48,"1SW",477
"1337","1986_326885",2.60644666666667,48,"1SW",482
"1338","1986_327952",2.607824,43,"1SW",477
"1339","1986_328947",2.372128,43,"1SW",480
"1340","1986_329307",2.70094333333333,46,"1SW",479
"1341","1986_329438",1.951816,43,"1SW",481
"1342","1986_329626",2.92861333333333,53,"1SW",476
"1343","1986_333109",2.67005666666667,47,"1SW",488
"1344","1986_333482",2.63714733333333,51,"1SW",482
"1345","1986_333545",2.05230066666667,43,"1SW",402
"1346","1986_334980",2.297648,42,"1SW",477
"1347","1986_336445",2.250498,44,"1SW",483
"1348","1986_337549",2.49289666666667,49,"1SW",496
"1349","1986_341915",2.668198,51,"1SW",511
"1350","1986_342842",2.54991666666667,46,"1SW",468
"1351","1986_344027",1.97641466666667,36,"1SW",430
"1352","1986_344110",2.600286,47,"1SW",480
"1353","1986_345258",2.232468,45,"1SW",475
"1354","1986_345955",2.043312,42,"1SW",478
"1355","1986_346811",2.50629333333333,47,"1SW",480
"1356","1986_346992",1.99480266666667,40,"1SW",475
"1357","1986_347419",2.08786133333333,45,"1SW",474
"1358","1986_347538",2.504854,44,"1SW",495
"1359","1986_347578",2.29029666666667,43,"1SW",480
"1360","1986_348827",2.35697066666667,50,"1SW",456
"1361","1986_349627",2.142476,42,"1SW",488
"1362","1986_350246",2.83976866666667,49,"1SW",424
"1363","1986_352578",2.35830933333333,46,"1SW",436
"1364","1986_353271",2.53383266666667,41,"1SW",428
"1365","1986_355348",2.55868066666667,46,"1SW",480
"1366","1986_357390",2.559544,51,"1SW",489
"1367","1986_359080",1.812724,42,"1SW",480
"1368","1986_360296",2.30217933333333,46,"1SW",479
"1369","1986_361976",2.52802533333333,44,"1SW",475
"1370","1986_362041",2.37119866666667,46,"1SW",479
"1371","1986_362125",1.93950866666667,40,"1SW",474
"1372","1986_363490",2.65122,44,"1SW",479
"1373","1986_363986",2.73927533333333,47,"1SW",419
"1374","1986_364586",2.12626333333333,43,"1SW",476
"1375","1986_365808",1.84773333333333,41,"1SW",431
"1376","1986_365824",2.53252266666667,46,"1SW",477
"1377","1986_365980",2.877314,48,"1SW",424
"1378","1986_366022",2.97047866666667,54,"1SW",482
"1379","1986_367962",2.63560466666667,45,"1SW",422
"1380","1986_370620",2.678298,46,"1SW",427
"1381","1986_371105",2.44424333333333,45,"1SW",474
"1382","1986_371114",2.05114,44,"1SW",486
"1383","1986_371689",2.05114,44,"1SW",476
"1384","1986_372418",2.26141266666667,46,"1SW",481
"1385","1986_373288",2.02253333333333,38,"1SW",400
"1386","1986_375954",2.69477866666667,47,"1SW",483
"1387","1986_376170",2.87119733333333,49,"1SW",423
"1388","1986_376720",2.23810466666667,46,"1SW",481
"1389","1986_378291",2.07075533333333,45,"1SW",478
"1390","1986_379632",2.383852,49,"1SW",475
"1391","1986_379719",2.38417,50,"1SW",474
"1392","1986_379853",2.020636,41,"1SW",521
"1393","1986_380920",2.039318,39,"1SW",388
"1394","1986_381708",1.938562,41,"1SW",481
"1395","1986_382939",2.47717666666667,47,"1SW",483
"1396","1986_383311",3.28297333333333,58,"1SW",488
"1397","1986_383531",2.71322333333333,47,"1SW",420
"1398","1986_383912",2.18179866666667,38,"1SW",424
"1399","1986_385026",3.20890866666667,59,"1SW",473
"1400","1986_386875",3.12357533333333,56,"1SW",487
"1401","1986_388802",2.59922666666667,42,"1SW",486
"1402","1986_392372",2.00127466666667,41,"1SW",472
"1403","1986_393478",2.67038933333333,49,"1SW",478
"1404","1986_393749",2.54137,46,"1SW",480
"1405","1986_394392",2.68481933333333,50,"1SW",481
"1406","1986_394575",2.106992,45,"1SW",475
"1407","1986_395404",2.77432533333333,50,"1SW",478
"1408","1986_395914",3.35498666666667,60,"1SW",490
"1409","1986_396257",2.146176,40,"1SW",418
"1410","1986_396669",1.89184666666667,37,"1SW",416
"1411","1986_397192",3.23626933333333,50,"1SW",508
"1412","1986_397479",2.52381133333333,43,"1SW",480
"1413","1986_398135",1.81288333333333,39,"1SW",437
"1414","1986_398598",2.91448,51,"1SW",507
"1415","1986_399323",1.95210666666667,46,"1SW",481
"1416","1987_451425",2.3977,53,"1SW",579
"1417","1987_452330",2.298722,47,"1SW",485
"1418","1987_452383",1.86724066666667,40,"1SW",498
"1419","1987_452951",1.66457,36,"1SW",471
"1420","1987_457860",2.66268933333333,52,"1SW",512
"1421","1987_462609",2.34178733333333,46,"1SW",519
"1422","1987_466029",3.39349333333333,68,"1SW",477
"1423","1987_470483",2.46844333333333,45,"1SW",476
"1424","1987_471995",2.406656,46,"1SW",482
"1425","1987_473307",2.01776333333333,40,"1SW",483
"1426","1987_473937",2.47739733333333,47,"1SW",516
"1427","1987_477177",2.37023666666667,48,"1SW",479
"1428","1987_479290",2.32046666666667,49,"1SW",493
"1429","1987_480556",2.13455466666667,45,"1SW",482
"1430","1987_482159",2.47443533333333,46,"1SW",490
"1431","1987_490542",2.98642333333333,48,"1SW",490
"1432","1987_493935",1.938284,50,"1SW",475
"1433","1987_494066",2.60648666666667,52,"1SW",483
"1434","1987_494120",2.63236933333333,47,"1SW",469
"1435","1987_496729",1.89954666666667,41,"1SW",480
"1436","1987_499162",2.04444133333333,42,"1SW",490
"1437","1987_499932",2.136496,42,"1SW",480
"1438","1987_501657",2.12717266666667,41,"1SW",502
"1439","1987_505002",1.737954,36,"1SW",430
"1440","1987_505438",2.21610266666667,42,"1SW",466
"1441","1987_506507",2.3968,45,"1SW",433
"1442","1987_508738",2.49478666666667,42,"1SW",488
"1443","1987_509237",2.22825533333333,45,"1SW",482
"1444","1987_509350",2.559188,45,"1SW",500
"1445","1987_511374",3.51076533333333,59,"1SW",478
"1446","1987_511600",2.181004,46,"1SW",508
"1447","1987_512081",2.33130533333333,43,"1SW",482
"1448","1987_512316",2.057578,41,"1SW",489
"1449","1987_513815",2.43630933333333,48,"1SW",499
"1450","1987_515947",2.95131,52,"1SW",488
"1451","1987_518786",2.279884,43,"1SW",519
"1452","1987_520857",1.81053066666667,41,"1SW",471
"1453","1987_522786",2.45458533333333,45,"1SW",482
"1454","1987_526188",2.20040666666667,51,"1SW",522
"1455","1987_539678",2.767024,54,"1SW",477
"1456","1987_541262",1.8871,40,"1SW",435
"1457","1987_541583",2.13897,47,"1SW",486
"1458","1987_543023",2.66160066666667,49,"1SW",491
"1459","1987_543863",2.412648,51,"1SW",468
"1460","1987_545708",2.73920666666667,48,"1SW",470
"1461","1987_547056",2.31472,45,"1SW",479
"1462","1987_547228",2.17334,47,"1SW",496
"1463","1988_600234",2.29730666666667,40,"1SW",469
"1464","1988_600727",1.62506733333333,36,"1SW",430
"1465","1988_602276",2.280126,40,"1SW",484
"1466","1988_602487",2.09783666666667,48,"1SW",471
"1467","1988_602542",2.20155133333333,44,"1SW",467
"1468","1988_603368",2.31090266666667,49,"1SW",450
"1469","1988_604439",2.36697,42,"1SW",503
"1470","1988_606509",2.957968,54,"1SW",479
"1471","1988_607109",2.42157133333333,46,"1SW",471
"1472","1988_610216",2.65886,49,"1SW",469
"1473","1988_622794",2.47229133333333,42,"1SW",443
"1474","1988_623681",2.402958,48,"1SW",465
"1475","1988_625215",2.59185266666667,45,"1SW",469
"1476","1988_625612",3.02259666666667,50,"1SW",434
"1477","1988_626595",2.07862333333333,43,"1SW",454
"1478","1988_627163",2.64704666666667,46,"1SW",481
"1479","1988_627420",3.02247533333333,49,"1SW",500
"1480","1988_628399",1.84204066666667,43,"1SW",466
"1481","1988_628448",2.01482133333333,37,"1SW",409
"1482","1988_629705",1.52984133333333,31,"1SW",469
"1483","1988_633361",2.42279333333333,45,"1SW",469
"1484","1988_635907",2.21573333333333,40,"1SW",464
"1485","1988_636711",2.278034,48,"1SW",411
"1486","1988_638455",2.50874066666667,44,"1SW",464
"1487","1988_638897",2.29881266666667,41,"1SW",466
"1488","1988_639285",2.50446866666667,51,"1SW",464
"1489","1988_640210",2.494808,47,"1SW",431
"1490","1988_640237",2.63615333333333,47,"1SW",463
"1491","1988_642139",2.50055533333333,48,"1SW",468
"1492","1988_642364",2.82803533333333,48,"1SW",436
"1493","1988_642618",2.30646066666667,47,"1SW",473
"1494","1988_644985",2.688526,53,"1SW",472
"1495","1988_645125",2.51734733333333,44,"1SW",442
"1496","1988_647255",2.02309266666667,44,"1SW",461
"1497","1988_647858",2.66008133333333,48,"1SW",473
"1498","1988_648159",2.60638266666667,48,"1SW",467
"1499","1988_648379",2.39279733333333,44,"1SW",478
"1500","1988_650437",2.10962866666667,47,"1SW",465
"1501","1988_651765",2.58202,44,"1SW",431
"1502","1988_653023",3.01347066666667,52,"1SW",475
"1503","1988_657271",2.88045266666667,49,"1SW",468
"1504","1966_661002",2.732166,45,"1SW",489
"1505","1988_661102",2.33939666666667,42,"1SW",467
"1506","1966_662001",3.150126,52,"1SW",548
"1507","1966_662002",3.07904066666667,51,"1SW",557
"1508","1988_662814",2.47631333333333,47,"1SW",465
"1509","1988_662863",2.866386,48,"1SW",467
"1510","1966_663008",2.57480666666667,44,"1SW",523
"1511","1966_663016",2.60535333333333,47,"1SW",535
"1512","1966_663017",2.51043,46,"1SW",542
"1513","1966_663019",3.099138,52,"1SW",545
"1514","1966_663020",3.14572666666667,51,"1SW",548
"1515","1966_663022",2.25098866666667,50,"1SW",566
"1516","1966_663047",3.30598333333333,56,"1SW",599
"1517","1966_663070",2.261564,43,"1SW",462
"1518","1988_663824",2.34589266666667,48,"1SW",468
"1519","1966_664002",2.66352133333333,46,"1SW",486
"1520","1988_665674",2.066458,42,"1SW",468
"1521","1988_665863",2.40291533333333,46,"1SW",466
"1522","1988_666515",3.07089133333333,53,"1SW",468
"1523","1988_667685",1.71231333333333,38,"1SW",453
"1524","1988_670433",2.40696733333333,40,"1SW",414
"1525","1988_671013",3.74077133333333,67,"1SW",456
"1526","1988_675427",2.71560933333333,48,"1SW",476
"1527","1988_675505",2.231028,42,"1SW",478
"1528","1988_678000",2.363176,44,"1SW",471
"1529","1988_679438",2.20532466666667,46,"1SW",469
"1530","1988_682167",2.185806,41,"1SW",471
"1531","1988_684279",1.656094,36,"1SW",425
"1532","1988_688130",2.61409066666667,46,"1SW",461
"1533","1988_688901",1.74215666666667,38,"1SW",487
"1534","1988_689328",2.101568,39,"1SW",474
"1535","1988_690430",2.02411133333333,46,"1SW",456
"1536","1988_692210",1.927722,36,"1SW",474
"1537","1988_692926",2.497972,45,"1SW",476
"1538","1988_694223",2.375368,46,"1SW",474
"1539","1988_697525",2.30203666666667,34,"1SW",468
"1540","1988_699102",2.35438,44,"1SW",470
"1541","1989_711864",2.50056666666667,46,"1SW",503
"1542","1989_714335",3.133438,53,"1SW",493
"1543","1989_721702",2.94479266666667,47,"1SW",453
"1544","1989_723564",2.05100266666667,41,"1SW",481
"1545","1989_727691",2.17723266666667,46,"1SW",477
"1546","1989_727926",3.13770066666667,51,"1SW",475
"1547","1990_760211",2.85967333333333,45,"1SW",490
"1548","1990_761999",2.439366,43,"1SW",479
"1549","1990_764069",2.528926,46,"1SW",483
"1550","1990_764220",2.26746866666667,52,"1SW",490
"1551","1990_770342",2.19911866666667,43,"1SW",469
"1552","1990_770982",2.77829866666667,48,"1SW",496
"1553","1990_781968",2.37453933333333,44,"1SW",507
"1554","1990_783473",2.03287133333333,40,"1SW",440
"1555","1990_785232",1.886372,43,"1SW",463
"1556","1990_792205",2.402392,47,"1SW",473
"1557","1990_794182",2.96187666666667,48,"1SW",463
"1558","1967_260",3.58219933333333,65,"2SW",803
"1559","1967_629",3.460908,62,"2SW",820
"1560","1969_4232",3.28471666666667,58,"2SW",783
"1561","1969_4324",2.989644,57,"2SW",791
"1562","1969_6063",3.526552,66,"2SW",849
"1563","1969_6088",2.76827133333333,55,"2SW",769
"1564","1969_9635",2.98598666666667,58,"2SW",840
"1565","1976_14102",2.12755666666667,48,"2SW",775
"1566","1970_17452",2.713392,52,"2SW",823
"1567","1970_30349",2.67697533333333,55,"2SW",816
"1568","1972_48783",3.23649333333333,64,"2SW",812
"1569","1973_60541",3.05714066666667,56,"2SW",793
"1570","1983_66042",2.47424866666667,54,"2SW",856
"1571","1973_66359",2.874528,61,"2SW",772
"1572","1971_79033",3.18648533333333,58,"2SW",833
"1573","1971_81294",3.25993333333333,53,"2SW",837
"1574","1971_83317",3.483114,62,"2SW",815
"1575","1983_83521",2.77730666666667,60,"2SW",794
"1576","1971_83940",3.5163,65,"2SW",847
"1577","1971_84791",3.73337,67,"2SW",822
"1578","1973_86113",2.48167533333333,62,"2SW",787
"1579","1971_88150",4.049214,63,"2SW",846
"1580","1971_91835",3.126904,58,"2SW",743
"1581","1971_97169",3.5078,56,"2SW",829
"1582","1979_144023",4.12672066666667,76,"2SW",813
"1583","1980_233730",3.512806,58,"2SW",803
"1584","1986_325514",3.12544266666667,60,"2SW",783
"1585","1986_370771",3.03371466666667,66,"2SW",848
"1586","1986_378810",3.285258,65,"2SW",788
"1587","1986_380235",2.92861266666667,55,"2SW",774
"1588","1966_661009",3.35085466666667,60,"2SW",799
"1589","1966_663051",3.08590866666667,60,"2SW",787
"1590","1966_663055",3.62305266666667,60,"2SW",800
"1591","1966_663058",3.450768,59,"2SW",773
"1592","1966_663059",2.951194,58,"2SW",777
"1593","1966_663061",2.39797733333333,51,"2SW",795
"1594","1966_663062",3.27460466666667,60,"2SW",800
"1595","1966_663064",3.20956266666667,59,"2SW",815
"1596","1966_663065",3.08252933333333,56,"2SW",819
"1597","1966_663066",3.06644866666667,56,"2SW",824
"1598","1966_664023",4.04472,64,"2SW",796
"1599","1966_664026",3.40607066666667,59,"2SW",828
